Date,kr_equity,samsung,hynix,sk,hanmi,tes,wonik,mobis,spy,efa,xli,ief,tip,gld,dbc,bil,gc,cl,usd_cash,krw_cash,ktb
2003-12-31,0.019499679005425402,-0.03010783987247123,-0.024739161518873454,,,,,0.23486385742487537,,,,,,,,,,,,0.0035466588636137164,0.00045833333333335745
2004-01-31,0.047863433907467307,0.16186284051477928,0.5982143280746488,,,,,-0.09360395162437851,-0.005855225762608662,-0.014151580897197924,-0.015291704596222422,-0.015229728374982932,-0.013243096803688181,-0.05678747757287128,-0.02350430383260772,,-0.05678747757287128,-0.009240086515351909,-0.02440244421551918,0.0034825160297176083,0.005024999999999979
2004-02-29,0.04240495923412649,0.040076521275753674,0.0022344848513833337,,,,,-0.08777944719789355,0.024754920575970285,0.0342780284886528,0.0035534180251610703,0.027330885839772057,0.03273853255806691,-0.003545332380288646,0.07325731937273382,,-0.003545332380288646,0.10617274155260059,0.011812250155482484,0.0033380295383023117,0.004016666666666687
2004-03-31,-0.0020553167990804153,0.04954113842597141,0.3656633491516321,,,,,-0.009434160185521012,-0.018714315840289597,-0.004839027708928079,-0.01770645405525806,0.00735539290493592,0.011006346959727242,0.07197722792996353,0.010013087911373609,,0.07197722792996353,-0.0165429720965935,-0.00478060492480159,0.003217449047942411,0.013024999999999965
2004-04-30,-0.01880675541684415,-0.026223512568281038,-0.028571537013969528,,,,,-0.03999994679551977,-0.021950125836362133,-0.03688072971239309,-0.0034651294697121138,-0.04641368846850025,-0.05115637501253778,-0.09710874839716221,0.0003202166032194552,,-0.09710874839716221,0.04207548731766875,-0.002299313521719193,0.003201359597605702,0.004883333333333348
2004-05-31,-0.06712883983548998,-0.09156236104074389,-0.05462186724060425,,,,,-0.09722244278253878,0.014236668020273902,0.008532927717491257,0.02171374205236898,-0.008134736009422605,0.017299382682771203,0.015198360589505189,0.049256402699264124,,0.015198360589505189,0.06385270646058938,-0.001968166805510929,0.0031933138078821255,0.00887499999999999
2004-06-30,-0.02120477735008383,-0.05731225405611062,0.12444453949307976,,,,,0.1274730790985097,0.015251277973355348,0.030237526278851234,0.05833634357374495,0.0033204631734136125,-0.00459779209093536,-0.006733313114128392,-0.05376947684695768,,-0.006733313114128392,-0.07392783273245596,-0.002115411623798358,0.003201359597605702,0.011800000000000007
2004-07-31,-0.06295284374016216,-0.12578602209552614,-0.28853745786040297,,,,,-0.04093571047951883,-0.020159983296478057,-0.0307288343710187,-0.01580110552632663,0.024728299468347537,0.020658049362198172,0.008333812705520138,0.14034154134726423,,0.008333812705520138,0.19691628219372603,0.01364368946852701,0.003201359597605702,0.010675000000000013
2004-08-31,0.0940369801410397,0.08153447461114882,0.16111065509278477,,,,,0.15040646234625155,-0.014270350638823537,-0.004957605356102679,-0.015959449962593353,0.011160383094079629,0.009805363416820034,0.03212424148572568,-0.028430267372720322,,0.03212424148572568,-0.05438219974062575,-0.015389494539565618,0.003032248764614831,0.03156666666666666
2004-09-30,0.04047498257022733,0.015521191928874911,0.004784930600744586,,,,,0.024734817338857518,0.01021285518632542,0.0208950418972198,0.02167491499192309,0.0033977418486348387,0.0010002000523019472,0.02040161917833494,0.1312402066741676,,0.02040161917833494,0.1787424584580959,0.001558536716152359,0.0028870465787962374,0.013108333333333328
2004-10-31,0.0009506310793323803,-0.040392751680780936,0.20952400699635176,,,,,-0.01034487932224415,-0.02628182406888313,-0.0050151878734423505,-0.028845406932443196,-0.029159077040485037,-0.028149787784272795,-0.016168071680199292,-0.0031793270337178384,,-0.016168071680199292,0.0023872778147742135,-0.0371857273114129,0.0028870465787962374,0.00794999999999999
2004-11-30,0.05302036236022192,-0.011376766862930654,-0.18503945747425676,,,,,0.08710779905738608,-0.010905010595971043,0.004526714833521073,0.006392852371122082,-0.07178858591340265,-0.05614016670788169,-0.0026742239773271947,-0.07162487635459373,,-0.0026742239773271947,-0.10117515594485083,-0.05135494339106028,0.002806278663769479,0.007875000000000024
2004-12-31,0.021590279025603537,0.03682411636827987,0.20519186629765596,,,,,0.07583469739731008,-0.014128259096584328,0.0030472489245192413,-0.019191713625785534,-0.031783792522318444,-0.026120972631040074,-0.0709539689861386,-0.12918662517851015,,-0.0722201294903343,-0.15360083761629983,-0.0412322661835125,0.002782034329272154,0.008799999999999983
2005-01-31,0.042302806052394254,0.09877934518439258,0.11588000150516398,,,,,0.0702290419608469,-0.00017974513454732666,0.003284978887899248,-0.005887632256108777,0.031660261667392886,0.022847782839771957,-0.014142801704037589,0.09000600114161753,,-0.013951268571618658,0.13455911673300447,0.024792592498346977,0.0028466715655732777,-0.02529166666666665
2005-02-28,0.08558576939534882,0.0646459113867941,0.15769235785848368,,,,,-0.03281024864391546,-0.0006111837871239922,0.015977570036930233,-0.009729553721792628,-0.03447062068276008,-0.026244965962474276,0.0092994499913166,0.03962980642254592,,0.013041666602680246,0.05102472348820264,-0.018906716331337114,0.0029435415760119543,-0.019316666666666666
2005-03-31,-0.043916897383133285,-0.04743793225984383,-0.1328902187699541,,,,,-0.02359902186276175,-0.00538362272977011,-0.013427985928653019,0.012705923722436063,0.009063394683334947,0.01536769352461298,-0.003375012297144986,0.057739976110707615,,-0.004954328839022248,0.08460896394630613,0.015420021560548225,0.0029112630070997625,0.009566666666666685
2005-04-30,-0.05506265563671062,-0.09960183015173518,-0.07279715382789509,,,,,-0.019637342285600656,-0.038360288217947236,-0.03585368382941867,-0.0557477633797997,0.004661030424997659,-0.0025804020347658385,-0.0078702087181588,-0.08601310512241298,,-0.00559837561358556,-0.12047656062619616,-0.017712734464741198,0.0028870465787962374,0.00797499999999994
2005-05-31,0.06589395365828835,0.08185833542489385,0.31404980804542415,,,,,0.026194012693270485,0.04293336787847313,0.0016483056185836453,0.0424226497607032,0.028948691824663975,0.018050994146843857,-0.029247788119870166,0.02935035614313007,,-0.03305984746884694,0.05609758626254879,0.012769786638421321,0.0028789730064431307,0.017408333333333373
2005-06-30,0.040365191878470014,0.010224990809811763,0.06918214182973292,,,,,0.04354347761078925,0.028169715938836548,0.04132167304160639,-0.000428524346330339,0.031524457502810854,0.03192640004021796,0.07073465468341844,0.10375390741976959,,0.0749482142612683,0.11609920448769873,0.029195604172012724,0.0028789730064431307,0.0016833333333333106
2005-07-31,0.10354533870135499,0.14372474231404975,0.40588194987023374,,,,,0.07913647960713033,0.02741391466804277,0.019207764778562675,0.027276073257324285,-0.032087832325722654,-0.03490167190781923,-0.024570373056147732,0.035364800546040076,,-0.024067768559779434,0.060835901591391295,-0.007740371903182108,0.0028789730064431307,-0.017783333333333325
2005-08-31,-0.023910023058786728,-0.03716837756449931,-0.10460252518191104,,-0.39736843123148213,,,-0.011999763245780115,0.006604036302209071,0.055109345723685754,-0.007858441851072984,0.036456719929454984,0.04184670897918785,0.029892617113221442,0.11718575333641044,,0.02534721574285248,0.15654512659079245,0.0189887838707552,0.002870898719076642,-0.005424999999999995
2005-09-30,0.12833967654909675,0.08088254372937231,0.07476640811968971,,0.04492795332197952,,,0.15654532877650218,0.0008492207300794252,0.029562630032641257,0.009518646360682226,-0.02451701089111169,-0.008653165011509367,0.06837672207451151,-0.010169125155715743,,0.07344693764357046,-0.046004580641124115,-0.004292423989305849,0.003032248764614831,0.000733333333333302
2005-10-31,-0.05026474919205312,-0.05952339924484673,-0.1717388840416516,,-0.03874345351105346,,,-0.031505230038075926,-0.012299191345506943,-0.020584817974761305,-0.0027962003257566703,-0.0009102184853840845,-0.0016456590907503177,0.005128124149973878,-0.060171329836084204,,0.0032145455085828,-0.08733670498379864,0.014779862916223463,0.003217449047942411,-0.006208333333333322
2005-11-30,0.12155805175416193,0.08499037161904965,0.149605991519564,,0.05228758906965547,,,0.045782605461542225,0.018955991086986756,-0.0013863703424049634,0.03285281781372151,-0.017839352175050838,-0.02222148973413829,0.032852224873694436,-0.03326814371448136,,0.03796444630197349,-0.0637963965786763,-0.02086099064672997,0.0032415779026344627,-0.011533333333333305
2005-12-31,0.0643974730322672,0.09666679244632581,0.6519186088598632,,0.19380831368167262,,,0.08218000747267729,-0.02115766610255332,0.0315449822391598,-0.014643047307180579,-0.005887656130552199,-0.009144355920629565,0.030253648126307153,0.03865577868281278,,0.02533241237738748,0.04436579281370934,-0.016082894057384278,0.0033058903246372395,0.008733333333333343
2006-01-31,0.01608283021228954,0.12461986808642056,0.053824532084848276,,-0.08888895870627977,,,-0.09632033243194416,-0.028619145918817757,0.0033502582400977143,-0.048680603465099614,-0.058067755416134514,-0.05112256176128627,0.04276303357796474,0.052998747873895885,,0.047112522063520235,0.0555214160783426,-0.048011090638374165,0.0033942459274463044,0.0056666666666666254
2006-02-28,-0.0189238719136767,-0.07162132161756807,-0.1075267386379275,,-0.07317067163243507,,,-0.019161498075033423,0.01069052392749903,-0.0020981541982995067,0.03619042828165675,0.003895106792046965,0.0049362844817113505,-0.006229693015506799,-0.06734772673122792,,-0.01126102855655342,-0.0913848830918027,0.008634863896094913,0.003474495003497502,0.019650000000000015
2006-03-31,-0.007491672462734939,-0.08296949360935546,-0.12801204977924052,,-0.09894746148097733,,,0.05006094030493946,0.02859157381320032,0.05241969088466658,0.056646869282774626,-0.0018476008942973632,-0.009752568180790955,0.0485270461599181,0.04013256336061177,,0.04828820101665143,0.09790501572444166,0.015622441876569138,0.0034905363507502507,-0.002599999999999992
2006-04-30,0.04547624739817227,0.02222195602193855,0.13816914451072781,,0.028037345506693567,,,-0.03139525989209002,-0.031084200489267744,0.002666219354000132,-0.02250478765272579,-0.04917090213778996,-0.04541562555697731,0.0719456673525567,0.023975624785303573,,0.07195187272302794,0.03222150695373194,-0.03953933523425546,0.003538643475265779,0.003016666666666658
2006-05-31,-0.07061579891986777,-0.03416091984953318,-0.022761738808959375,,-0.05795461315664374,,,-0.07803135788657645,-0.014654247081655414,-0.022881003350997964,-0.0014127911958248252,0.014861086027834425,0.018960930433898904,0.002523285478665871,0.011981006616774037,,0.0014506554052353682,0.007607379586527685,0.019854412491114193,0.0035626875279843873,0.017041666666666642
2006-06-30,-0.01586309675450623,-0.02971065413589158,-0.04503114061672997,,-0.013268863972674128,,,0.04427066358904708,0.0018379610293217663,-0.001379235447040661,-0.0020518484138025705,0.001526580184440629,0.0035055848715608295,-0.04743955220191032,-0.009382385659851833,,-0.04586974273232669,0.03693601735442065,0.0031912167747911724,0.003650794881391306,0.0018333333333333665
2006-07-31,0.003311476913616911,0.008291938863623782,0.055284755277572595,,0.12713963571217013,,,-0.011221637349686175,0.01036704022709678,0.014015268732101127,-0.05125874995266966,0.02273357500286255,0.021060024627751694,0.03756778333073574,0.02812673247367936,,0.03980114959865144,0.011572960410283661,0.009908385238778017,0.003778799343900019,0.00887499999999999
2006-08-31,0.043567152007371074,0.06907909317377015,0.1340520463232373,,0.024945532078798793,,,0.11097036683611239,0.03071759211189873,0.034412314267047384,0.020092663205614647,0.02649435609799844,0.02547854167374819,-0.005189077994198987,-0.02484019254047065,,-0.004495906441503994,-0.04742420478108522,0.012738554083350007,0.0038187639418887365,0.015299999999999968
2006-09-30,0.015051650043684832,0.021538217632227852,0.017663327256605577,,0.12169314666560038,,,0.10669735216986909,0.012117974383365482,-0.012305592936458942,0.023134158024621154,-0.0025911626183816594,-0.01339978518851459,-0.0591084728628255,-0.05588376039811638,,-0.05747761441348764,-0.11758786285394718,-0.010666067134063595,0.003786793663815624,0.006616666666666704
2006-10-31,-0.003752140264830257,-0.07981921091674171,-0.08678245351719927,,0.07744425710717873,,,-0.05641058831280499,0.01914574839963623,0.025048015189431005,0.01586295469049226,-0.006673573320731707,-0.012719283121483183,0.0007994572131126976,-0.002092365052353218,,-0.0029150601320626635,-0.07764024221790788,-0.008014962415382576,0.0037308187111868563,0.009075000000000003
2006-11-30,0.050834045794055954,0.0474632250562681,0.035087937345531284,,0.011315574526970407,,,-0.06304314593262295,0.013998061562548125,0.024780591490405346,0.01859019914627802,0.007266310685384747,0.004890066049906494,0.06272135275241131,0.0595782314257991,,0.06466826828713024,0.06871464387037496,-0.0018086514516144625,0.00375481218114615,-0.0020083333333333663
2006-12-31,0.002820998709244487,-0.034232206150536904,0.05618542375377644,,-0.01480736199751953,,,0.012291433663674356,0.010209793735256545,0.02875219636734938,0.0017917905844688775,-0.01583647985751857,-0.026088292511412203,-0.021388855873593293,-0.026247226105449828,,-0.021150047156260454,-0.035965313848882796,0.0008498059224186783,0.0038826709170549645,0.002091666666666679
2007-01-31,-0.050497683790516196,-0.05383369302397456,-0.14520560778529523,,-0.029411536313698194,,,-0.11279059063972507,0.022899360264975188,0.02178155296056139,0.028754842076658127,0.003709730552990731,0.010088943534342532,0.0335704666740837,-0.01644604407851058,,0.03439625469656593,-0.04029180904572893,0.01182871061038715,0.004010350772625237,-0.0003749999999999899
2007-02-28,0.04496248458818797,-0.017241497664357675,-0.0016024625245405488,,0.05303033593339079,,,0.02228039650082403,-0.014779143278198958,0.0037165972251158585,-0.006311969273711471,0.025585426964555014,0.02482484307986632,0.030511649444643796,0.056040257189049036,,0.031753699859096374,0.06802418090910645,0.009025073486131019,0.004034270873583212,0.005700000000000008
2007-03-31,0.026092369408128563,-0.01228053850549471,0.04012839264522028,,0.16690617622056525,,,0.03589759691446992,0.01568505547994148,0.03316173199970973,0.012201111952837351,0.002661942547797169,0.0073187942485788415,-0.007127204259523956,0.01081984232570643,,-0.005550432980725661,0.0703466111291704,0.008055687001034872,0.004026298203094747,0.007674999999999961
2007-04-30,0.06299654118018808,0.019538180085169277,-0.01080243198395947,,-0.030826086891816096,,,-0.07054510920747614,0.04226869457635285,0.03546973705542755,0.04438230482240457,0.004112808938312007,0.0046917584365988585,0.01855424690601004,0.005530304464563818,,0.024402624666734596,-0.0043656744051890906,0.0019059262186329473,0.004034270873583212,-0.002383333333333311
2007-05-31,0.10413284894052025,-0.06794394876797971,-0.10296421712735992,,0.23282479232432074,,,0.12117208042956928,0.0348750677664702,0.02456877938724311,0.0528537766479964,-0.013024898261233875,-0.012203460023395896,-0.022200409503773,-0.0014243922674733733,,-0.027757713978117105,-0.024970946862358234,0.004674446763288431,0.004105993588470858,-0.0032749999999999715
2007-06-30,0.0263482947648013,0.05885485019090142,0.16000008769550722,,0.2177502216849676,,,0.042755646716879925,-0.02504114906094579,-0.013750155693454724,-0.01030866634801808,-0.015202257672662589,-0.01270026840741878,-0.029747958558408616,-0.003206108404218977,-0.0062545572120318305,-0.0298848728059965,0.09252512193723317,-0.006804866050670988,0.004098027180359898,-0.008650000000000026
2007-07-31,0.11003071036997672,0.08480558330874466,0.12743622565999013,,0.11440649252826174,,,0.13895228634190282,-0.032487592170089896,-0.02409199196569234,0.008250730253083427,0.021325575565457555,0.021764589583393557,0.022406225293253756,0.017827693672956446,0.002775712132967456,0.027757366269667738,0.1051916831065054,0.002702497563389583,0.004113959301397019,0.002566666666666679
2007-08-31,-0.02980103202884729,-0.03745913969904646,-0.10239368872728771,,-0.03422053173774631,,,0.009999516283561993,0.031164994030431936,0.011650073402698302,0.018358884864044356,0.04114053750447977,0.026469895436596724,0.029396690949153204,-0.0013368222953166198,0.022435179128228677,0.027412328041095835,-0.03618301308619387,0.021424819479327395,0.004241316266458295,0.009600000000000004
2007-09-30,0.04034802834457499,-0.02707242111744601,-0.07259258556031079,,-0.06299194888340853,,,-0.03861362190251694,0.010216200836486555,0.02428061030166906,0.018642461535365085,-0.02657749907240292,-0.014981783996065645,0.07476262712587478,0.06418005115885328,-0.02558888571372686,0.07343354564153448,0.07265810617615087,-0.024486607890607637,0.004344663139834726,-0.0004833333333333382
2007-10-31,0.062062398984444905,-0.043479171098364966,-0.20127795822038363,,-0.025210050651518823,,,-0.07415066299672424,-0.0005573522140073228,0.027971898362987524,-0.026656319457318944,-0.0033145148399401636,-0.002435410133874716,0.05461091916545047,0.06990352460132065,-0.010054157143913778,0.051378127732908174,0.14147367870934735,-0.010849451108043584,0.004344663139834726,0.002600000000000012
2007-11-30,-0.0756805712974303,0.027273324187801595,0.03600013572707428,,-0.1784483022477532,,,-0.04115645554899561,-0.016494791490976102,-0.013941412443788659,-0.005882747873899641,0.06454577484490653,0.06526433092854345,0.006215855692478067,0.016759926001234993,0.027179530152662723,0.010473676545765143,-0.039858392736810355,0.025715040649348042,0.004416142510483834,0.002133333333333296
2007-12-31,-0.0034037225168874483,-0.0029465684673093406,0.03620163556481426,,-0.04609413653994554,,,0.02634698376856126,-0.003862153093304732,-0.022553465073582357,0.006137957738545863,0.007992215699563765,0.00811183771786994,0.07445688037279563,0.07502657373280108,0.009857025829901778,0.07536070956688357,0.09004818290006056,0.010081545659204494,0.004654003787317951,-0.005824999999999988
2008-01-31,-0.1423616399354005,0.07014360304979017,0.00192703549974782,,-0.1284914312824188,,,-0.10894469397288786,-0.04538986388946897,-0.06368905546116943,-0.04000243479054599,0.05013864532399381,0.052341044224176514,0.12619663033486583,0.04565973878301133,0.02003569712666775,0.12289047735989267,-0.028737416774011648,0.017611184747627018,0.00471732897177124,0.017850000000000026
2008-02-29,0.05476203839037111,-0.05882353953759312,-0.055769513826101624,,-0.0397438489372689,,,-0.06177628972813043,-0.02934072802325316,-0.013783601756757524,-0.023787556402501964,0.008756656174368826,0.010585414025605422,0.048518752524483455,0.1074618829796139,-0.0019609374894963283,0.04975520545568446,0.10598677307581239,-0.0021208554382600164,0.004296979118938893,0.018633333333333318
2008-03-31,-0.0032077680236144166,0.11250011812148131,0.13441953613451907,,-0.04272342269670515,,,0.05898504549909278,0.04858732986722525,0.062481584832817294,0.0964618629024998,0.07219846169664135,0.056567166192033724,-0.0054257771301703395,0.048376406325021826,0.06051709107626624,-0.0027940815560388854,0.055347116041080335,0.059165941992074256,0.004273127766158069,0.0003999999999999898
2008-04-30,0.07254148713604883,0.1412521988831592,-0.03770164353029204,,0.07531377690518837,,,0.1904142755971665,0.05834695509764387,0.0651343087228109,0.03991051887470287,-0.014222277871575262,-0.0039402418868829114,-0.03181376104153155,0.07120039441803194,0.009537713499646827,-0.048679939486644286,0.12834361884361334,0.01131991488121753,0.004376438657516468,0.013966666666666697
2008-05-31,0.01579422655766763,0.0421940340706104,0.15671621850058104,,-0.04798972939417001,,,-0.001087930198084619,0.042155225687414255,0.03882422913954664,0.0357024939417232,0.008387823941620187,0.027733056231588504,0.03611443266419068,0.09755053054814145,0.027622337160555732,0.05578829915124861,0.15231885380738297,0.028205490895536478,0.004360552280962882,-0.012191666666666687
2008-06-30,-0.094375303030343,-0.15591108177112167,-0.1935484082367167,,-0.1103541939335716,-0.321086199908281,,-0.07734211841066008,-0.06852608113238001,-0.07288938347371365,-0.1058075277298538,0.028069907829905816,0.03461034498184645,0.06233262935354622,0.12245086549225137,0.018797415381207605,0.06098299550754982,0.11738595507336536,0.017855142886350484,0.004360552280962882,-0.014916666666666635
2008-07-31,-0.04666273487358194,-0.09759950821621066,-0.1340000266132857,,-0.2174578325685873,-0.10823526140251072,,0.04722540850813228,-0.042430331893788975,-0.06582932217056503,-0.02607729797328706,-0.026784906386763452,-0.03963731777536594,-0.04770222468502394,-0.1282581174651689,-0.03193463160949184,-0.04657948403095158,-0.14362428731702104,-0.03244084320414142,0.004487565969698792,-0.002091666666666694
2008-08-31,-0.0742703586899934,-0.08510664552247404,-0.10392626088555812,,-0.26908023047261764,-0.2981529541371247,,0.025930199364569972,0.09351917563496426,0.03113592754679062,0.10640755272792934,0.09331710262972281,0.08528579763223054,-0.023183265474242765,0.006507043858074324,0.0777228678932782,-0.022809487075183155,0.0020653160931565218,0.07838240321215695,0.004685671867687535,0.011024999999999998
2008-09-30,-0.01650825633142869,0.0445735623048662,-0.0025770695979614455,,0.17001307508900276,-0.08270670628328669,,0.009889969221936745,0.0027009323966393772,-0.019646880344588946,-0.02668209986153125,0.10539270234331344,0.06242452058747694,0.15246477270837833,-0.006504135582298343,0.11257237857972324,0.16687835194068246,-0.03513731835551026,0.10777280020049407,0.004701501791267937,0.0009249999999999892
2008-10-31,-0.23009399572164677,-0.0222634010454712,-0.4573644517210975,,-0.3489700856579474,-0.5426229838589283,,-0.20457005885743784,-0.10670557998836694,-0.15289038186202575,-0.1251968819374113,0.06081970980106055,-0.01650919881801527,-0.10264981766126036,-0.19832853655074179,0.06756487538700862,-0.12261039451299893,-0.2790113845038744,0.07044015996125452,0.004891247198025583,0.027991666666666665
2008-11-30,-0.03198280897476555,-0.0777987051092287,-0.28666653969486255,,0.12478036436304607,0.08064516860218163,,-0.15321483773052025,0.05935811268467672,0.06606059912364937,0.04501036227005484,0.22689919119195046,0.14859700411215004,0.2817777464066218,-0.002199898051966964,0.13804146266149275,0.2965068180895336,-0.08605343415254818,0.1386321305994851,0.004566859904807208,-0.005391666666666676
2008-12-31,0.04622851146291643,-0.061728313599720974,-0.02835954577328481,,-0.06276731258779555,0.16583750250653795,,0.03561826238833832,-0.14546709188957763,-0.07870856060225173,-0.13407307291013604,-0.11012302606374358,-0.0987210147696681,-0.08832108364078617,-0.1813630316732907,-0.15349969883349168,-0.0838762789586237,-0.30658770610725794,-0.1536760596950183,0.0038187639418887365,0.04777500000000002
2009-01-31,0.034723561437039835,0.0842568016149079,0.33432801369656273,,0.2637930320064541,0.0384067583712302,,0.03328084252781793,0.017566103817606038,-0.04363058898425498,-0.024415338408967036,0.06550417291886901,0.10815057402638129,0.16997289373379876,0.059419518242243896,0.11077679037293686,0.16342534775928952,0.03601688207172926,0.10880071151110937,0.0026445278387947635,0.026558333333333354
2009-02-28,-0.08400867370867979,-0.02453971051440962,-0.03355694342918891,,-0.08049105062457362,-0.16301359676215355,,0.1426377646489283,-0.008154168847508636,-0.004183895425866835,-0.07800323893718097,0.10308156785560452,0.08682779620486514,0.1273128086310611,0.04868918762210139,0.11120003441402693,0.12826519676129222,0.1933654761196475,0.11147957573919198,0.0022226272943570713,-0.0373166666666667
2009-03-31,0.13598747356270582,0.19077568430759873,0.42939833073341926,,0.5341247220310121,0.24386240309852858,,0.0684565304690643,-0.02655647166242059,-0.026017978462587577,-0.02218773724944556,-0.07164169427583666,-0.04834772888882932,-0.12421485265557797,-0.059568881618635605,-0.1014771649721885,-0.11945653825735048,-0.003047803455430431,-0.10126844068577012,0.0020190930200914003,0.017866666666666708
2009-04-30,-0.04858415178118258,0.04225358304025639,0.16599191164771376,,0.10638309496681941,0.2013157437514952,,0.23366797962557295,0.021797791334092542,0.036524014025380636,0.09739770284362392,-0.09605611083770615,-0.08722531895277152,-0.10152920068477267,-0.07146988424084255,-0.0699723066501815,-0.10267747100797986,-0.043214303082200756,-0.07044356230116267,0.0019946383202138485,0.007641666666666627
2009-05-31,0.01638430272425162,-0.057432731657422575,-0.10416684762336548,,-0.14335665711100698,0.049288234555492805,,0.20162966569865937,0.035265802880620534,0.10712093645519971,0.010905544628040609,-0.04222462826526319,-0.002378161791483757,0.07817689090135493,0.1371915585277892,-0.021800943580351895,0.07483652740427815,0.268726747972321,-0.02180162245922379,0.0019864852944315725,-0.003416666666666638
2009-06-30,0.002223679168354087,0.06182305224744744,0.05813969293492249,,0.028571336451301832,-0.04384137029472657,,-0.05508495464223029,0.0173319356232291,0.0036966137403080523,0.0006498153955327712,0.012326093943886063,0.02001518215499898,-0.03512357589822135,-0.008733098622473512,0.017865487262489932,-0.03577191221336673,0.07295915230296512,0.01815113442418692,0.0019864852944315725,-0.00629166666666669
2009-07-31,0.13539870187810532,0.22297329541850042,0.28937729063204554,,0.011904616028495907,0.021834073677060584,,0.16143519010983054,0.032806626961177754,0.057611836687069706,0.04513383195924936,-0.030903477013197733,-0.03805180918777462,-0.016023394953816883,-0.021051249498914903,-0.03950438382625632,-0.011321100508749793,-0.044947509921862694,-0.0387566989703344,0.0019864852944315725,0.008383333333333343
2009-08-31,0.020568043132120906,0.0649168200276018,0.2471589950566846,,0.14705920177710374,-0.07799135089416331,,0.023165947915711138,0.05932144493588232,0.06758687044162803,0.07035319439731458,0.02938352416286305,0.030179325203825602,0.022131731913606734,-0.01965130226990819,0.022298102758642413,0.019442158504332063,0.02908646710289564,0.02169512456234446,0.002043541156630635,-0.008683333333333359
2009-09-30,0.06333998822487041,0.05706885498051073,-0.09795005642364119,,0.03760664259736357,0.3325605564650036,,0.24905663157144398,-0.027357555397234945,-0.025002161780952825,-0.005864761828937026,-0.050103478262541024,-0.04166104188938535,-0.005852992271946134,-0.06278857185049558,-0.06041890381972814,-0.005095756401719331,-0.05193689421847836,-0.06057433252502731,0.0021738205225525498,0.00753333333333335
2009-10-31,-0.05776188724806752,-0.11288359454809527,-0.08838377397905484,,-0.15156508388024292,-0.10869583388508175,,-0.030211602205534427,-0.009365575316299446,-0.015437590145578661,-0.03021042144211017,0.008662211082228977,0.021614260129358076,0.04765612661660046,0.08010722549987337,0.010097581090535046,0.04181825568515696,0.10146063796464233,0.010091587634129429,0.0022957884655714356,0.000983333333333337
2009-11-30,-0.010057426143264325,-0.004149434864019086,0.022160769227830057,,0.06407753632888613,0.12682942720223012,,-0.07165101360613213,0.039309099419755134,0.017384720132249898,0.06493396083660952,-0.0012568111176942676,0.006400774925765518,0.10417555266588163,0.023401740336898236,-0.021409975321402763,0.11214044703358939,-0.017443845858964302,-0.020963034297431626,0.0022957884655714356,0.0075416666666666835
2009-12-31,0.09216230343510201,0.1203998309861054,0.27776547585536004,-0.06276184098054338,0.24520179826638167,0.09523829547940355,,0.15625419549988995,0.010759594061311217,-0.0011471896270450754,0.008419153210450725,-0.05185298396737348,-0.02890607445669391,-0.07962970807228886,-0.009794194121744315,-0.007881438731810908,-0.08031893963986425,0.01850940473523144,-0.008144105365353926,0.002320162474192866,0.008491666666666677
2010-01-31,-0.0527129707661923,-0.018773344335144215,-0.01727875928918632,0.16964324493543326,-0.14285735333468697,0.08300401738132335,,-0.13450288582550818,-0.030398844803698588,-0.0447958450809367,-0.00867678819584572,0.030016876034163475,0.021566247639033698,-0.006489964121848435,-0.07270708631939349,0.00616799212624719,-0.005040189869660594,-0.07586209969862734,0.006226666437074702,0.0023688909406458514,0.0024249999999999767
2010-02-28,-0.00958608179902054,-0.05102089231341922,-0.07692310021067594,0.11641216254358766,0.006944439328669505,-0.06934322823325745,,0.003378201909518541,0.03404385028113466,0.0054380833476948,0.0562338497974022,0.006090621957750342,-0.010304322796029108,0.03560167237775791,0.04430531447384056,0.002543869233633478,0.0354477190994118,0.09589933648057247,0.002859018820349446,0.0023688909406458514,0.0069583333333333355
2010-03-31,0.06609968787566434,0.09946289789189477,0.2714284636679767,0.05982909709931561,0.2534485172030394,0.0039215116747388645,,0.010101011432269935,0.033658791830750046,0.03655698427636622,0.05904063791119851,-0.03595654844317653,-0.025716123287589987,-0.029932576314010362,-0.0301943099309101,-0.02565872929368962,-0.030015079236298203,0.024489369369645297,-0.025537020282315415,0.002328285695076815,0.023416666666666655
2010-04-30,0.029783425599111846,0.037897081257074694,0.06367054144388251,0.06612893356195704,0.19257210146962356,0.23828167643952836,,0.24000003131442704,-0.005797483686349247,-0.048402259140849835,0.020737933732396296,-0.004762525382286942,0.003680408792687162,0.036658396831082074,0.017352703390377533,-0.021371181665891248,0.03780131293081812,0.006992537748108374,-0.020817382015367203,0.002067982733513718,0.00459999999999998
2010-05-31,-0.06100184483205395,-0.0859837827773482,-0.11443649134697143,0.08925881831966875,-0.17070354274458055,-0.06624628857535553,,0.06989283121661072,-0.0029296285210825834,-0.03810236081209284,-0.01563848613222696,0.11490026827797695,0.08520663158736963,0.1161799341179881,-0.02677834502991705,0.08360329276491862,0.11259251762003686,-0.07000415014867134,0.08326552083469663,0.0020190930200914003,0.002091666666666679
2010-06-30,0.030393808549438184,0.003727724875228988,-0.003976472340869952,0.16666635257061113,0.17941561750439328,0.027026975289190958,,0.04020096301663245,-0.03024734693582909,0.0015796490822290732,-0.04764386659708164,0.05384095502382058,0.035754781140147074,0.04675368637210675,0.004504680116531601,0.022890125808569417,0.05076005111405024,0.04561677487335358,0.022811390988619173,0.0020190930200914003,0.005125000000000029
2010-07-31,0.03916111826792612,0.046511605973178716,-0.10179625407395987,0.07261929322940897,-0.1356131865668455,-0.04934198832997361,,-0.012077513015054553,0.0307817992387589,0.0769061612952966,0.06548286762830946,-0.026343757736905227,-0.03746388235904141,-0.0842051139742015,0.02392610368169268,-0.03554212992752037,-0.08454599595947676,0.007235619896611034,-0.03500808414391465,0.0021249875904596482,0.005108333333333292
2010-08-31,-0.0091210565512867,-0.06666626793827157,-0.062222078013908666,0.014428086070215285,0.04638478473574925,-0.24221469932997708,,0.06112476012931167,-0.03772180670650194,-0.030637990192162956,-0.06225600588067226,0.04141690183799418,0.02716749037763111,0.06509566839457714,-0.0227724348274142,0.007600709556257135,0.06438864932760535,-0.08211977216640698,0.007713994562560167,0.002165683518015493,0.015591666666666719
2010-09-30,0.06771928162000718,0.027777672926299957,0.04976301899471225,0.11050354657435268,0.02737961015409507,0.05936098376040566,,0.1843317315657762,0.04033257926817635,0.05003804100619669,0.06488410127365651,-0.04520623823593517,-0.03767592163085687,0.0004217039757383745,0.03697269130862191,-0.04517645253290026,0.0003350421815526694,0.061696916025099746,-0.0450532086870693,0.002190092351739059,0.02389999999999995
2010-10-31,0.0077992051217616876,-0.04118417056336188,0.04514673434917915,-0.049261041597084,0.017766570200852705,0.5043102816625227,,0.08949421646506606,0.03200486029753358,0.031859116936130416,0.022631866696672054,-0.0060396034322744985,0.01862588490918493,0.03063386501125298,0.03814593673288935,-0.005751851572662003,0.03150278722651656,0.012178821780757243,-0.005877963489505755,0.002190092351739059,0.012066666666666668
2010-11-30,0.03177206749488137,0.10872500750265957,0.015118554889402391,-0.07357498458061007,-0.008728185268536026,0.1461317573072256,,-0.017857328836451858,0.027022231478466052,-0.022518378907641412,0.04074546954481906,0.017797645302374043,0.009638111112936665,0.04870572935389417,0.022535619269152818,0.027022231478466052,0.04813633202191547,0.06082328616923527,0.027159067455520436,0.0022470208793048396,-0.015075000000000009
2010-12-31,0.0876429584948597,0.15506748526983505,0.03423167927223125,-0.01683235658152593,0.08455663406468661,-0.08499997571573814,,0.04004844911380534,0.0339200785514826,0.0496476297990347,0.041590828186489404,-0.0641178425473291,-0.044316821720198796,-0.00725203381010886,0.06500096016146473,-0.031080163664388594,-0.005608085780837824,0.05289782895962647,-0.030775638482284262,0.0023039138595750686,0.004733333333333362
2011-01-31,0.00816661916320216,0.03371931634028735,0.23541680855169766,0.1697249468296569,-0.03808349683786738,0.0,,-0.0913883654664206,0.014493379371917303,0.0121685156826421,0.030344663073236244,-0.008818299213812164,-0.008420579436226094,-0.07185468593334376,0.026659543386719387,-0.008606114259591124,-0.06950866517096932,0.00018174101427792522,-0.008486400374214442,0.00240947810048997,-0.00778333333333335
2011-02-28,-0.05994566530783707,-0.05912264231435593,-0.04384507494977408,-0.06960800906563958,0.03959127087712333,-0.06557391914579558,,0.015473753798135315,0.04372011433648537,0.04448694062495551,0.030112143248372858,0.006579039398503683,0.01595095133358493,0.06918465332537105,0.05075323570169954,0.008680822409111277,0.06577738808910061,0.060980344831622624,0.008794228852993857,0.0025716462189622202,0.0004083333333333725
2011-03-31,0.08693983723846288,0.009750441812201416,0.10405649634115433,0.024236378137112657,0.08108115201826083,0.3859647835552449,,0.2476191606303615,-0.025435502292368684,-0.04882481780250436,-0.0038179550940758977,-0.027058595895589455,-0.013953164157527342,-0.009979217122124129,0.00035014540604616506,-0.025552237939531874,-0.00508560275368497,0.07242513197372258,-0.025479184484130224,0.002749698516855581,0.016466666666666643
2011-04-30,0.04272785080647634,-0.041845971790389624,0.07987233752839207,0.13168703397436876,0.027272767736474135,-0.21940903842669368,,0.09618350650408303,0.0013239322410889542,0.027887588397330854,-0.00025170105000071885,-0.008941630985448423,-0.003718986106775679,0.06018435202928951,0.01747534224751357,-0.02685969105753583,0.052336017112152966,0.03888562993462186,-0.026827258993411873,0.0027901164905321796,0.005258333333333308
2011-05-31,-0.021921441212802373,0.010078752170825878,-0.10946742327624104,0.18181820851892838,-0.14933637577727765,-0.05135147374827764,,0.05431722836152786,-0.00520123623260782,-0.016113496300515173,-0.021735459308833915,0.031289690359321165,0.00875713696887681,-0.011944261852421922,-0.04595710884338089,0.006301404999624616,-0.006914695795375847,-0.09308719747698757,0.006115116453939917,0.00283859441682921,0.01073333333333336
2011-06-30,-0.028366602844139055,-0.08370645045852021,-0.1677744520742065,0.0,-0.08972685485092058,-0.12820511046514516,,0.05680304253665147,-0.022720694590726676,-0.01798746558089237,-0.011375990148963733,-0.01096607099877045,0.0015521177683948117,-0.030132113628633883,-0.04834272997306466,-0.0059518498311585954,-0.027698052738904022,-0.07641601277985421,-0.00593942508373746,0.002895119436268523,0.008616666666666672
2011-07-31,0.006088857361809863,0.021791669122581236,-0.03193582788586635,0.07307683067759618,0.021428635014459463,0.24836610297902828,,-0.049999868591230845,-0.03824982081608619,-0.041952515872363705,-0.08608075380322011,0.012488273570935071,0.019652215978503307,0.06399357657788052,0.02611426677449935,-0.018617292505883398,0.06369264367545124,-0.01573754019615381,-0.01854371914398012,0.0029435415760119543,0.004033333333333312
2011-08-31,-0.1266828589587109,-0.11848353123500477,-0.21237115425964537,0.014336835659528147,-0.15104904124892782,-0.3151832677630043,,-0.11315784296608145,-0.034435619267816686,-0.06771679789309204,-0.045438061083405645,0.06926063548541217,0.02830993327124065,0.14715243464637195,0.017685909509423725,0.02173503224797435,0.1473576432119994,-0.05182561532841279,0.021747803057622583,0.0029435415760119543,0.01702500000000004
2011-09-30,-0.04992794811807255,0.12903235531517776,0.11780106483096464,0.02473499524095768,-0.1202635673932767,-0.16972480080477204,,0.01335317332401642,0.0219185068755976,-0.020538945019088484,-0.004085722746628662,0.12271809986734317,0.09805783287934422,-0.0233288624596385,-0.06241939187197376,0.09791270778524885,-0.02682718934798345,-0.020676903519158296,0.09816174124129073,0.002935473005047262,0.013799999999999988
2011-10-31,0.09039828825326701,0.15238102792513541,0.07025751450754925,0.0482757381131409,0.1329589037373582,0.3057088979963154,,-0.05417275076073269,0.04035518356814394,0.028281590824568603,0.07280018293165713,-0.07408939592746167,-0.04260190460663649,-0.006951648494846863,0.009737687332502576,-0.06243118522470503,-0.0019369031393614566,0.10366372582648009,-0.06201818190783026,0.002935473005047262,-0.0023749999999999843
2011-11-30,-0.03451059681582935,0.03719025837307788,0.004376573638805503,-0.10197347492133801,0.09586765854338619,0.2496474778494926,,-0.06037135104572178,0.028682974718061027,0.010400619132599598,0.0474063278344925,0.03886956508141037,0.038306258605091514,0.050101379126845424,0.02989960164834904,0.0331057128914416,0.04564025470961819,0.11234985286258792,0.03289338912913542,0.0029193337207231718,0.006216666666666648
2011-12-31,-0.004929503712452599,0.05871805740476321,-0.043573150244397674,-0.1356239255846804,-0.03999150615273561,-0.09574919189501307,,-0.03207049260666639,0.023828883879936313,-0.008795180086557886,0.0158183456141594,0.033382190822766944,0.014902877210668075,-0.09479416309584565,-0.016084707587965874,0.013065659199586577,-0.09107158919239466,-0.002204875354038127,0.013246329032257975,0.0029112630070997625,0.0026666666666666523
2012-01-31,0.07762174472600147,0.04631378777243422,0.22323459144414137,0.11538473123373305,0.02870817378850532,0.03346211148299094,,-0.051370035951556536,0.019476975133010832,0.02563493899900582,0.04559807315858566,-0.017307455395048854,-0.0034123088349197195,0.08532010364088394,0.010231544219087674,-0.025918098456954808,0.08131885953176554,-0.02915583178393788,-0.025660802351092915,0.0029112630070997625,0.0036750000000000146
2012-02-29,0.03716457428956854,0.08943079496663064,0.1247672302000129,-0.03831428347440491,0.01860463092703113,0.20672464213020691,,0.02888081522983299,0.04238590118771057,0.04730742214950534,0.026880713960477642,-0.011964735050140507,-0.006752176790313591,-0.030597956437910523,0.05250999576685755,-0.0007590510552069052,-0.017016255708244943,0.08616341186245324,-0.0009147306379084785,0.002895119436268523,0.0026666666666666523
2012-03-31,-0.001662393053803446,0.057214132695390774,-0.03145689535389373,-0.10756974484667758,-0.08675809844049609,-0.09494307616182496,,0.005263170044879084,0.04446225509431434,0.016173297817330567,0.02182183691370554,-0.004186034345649903,0.003217557643955926,-0.0014503530933047681,-0.00603133014900592,0.011694506232933444,-0.012111613636339835,-0.026361088248551656,0.011970165404812771,0.0029031915789923257,-0.003824999999999992
2012-04-30,-0.005421435504643024,0.09019613982777885,-0.04102563188406294,-0.16517863698159008,-0.0266665926143157,-0.09007986425739356,,0.07329839501775082,-0.012174738133364227,-0.026189627271975824,-0.016432313328819115,0.019417011913073434,0.012212815772522534,-0.007008200551391508,-0.01900272462219077,-0.0053189692263525545,-0.00905093431540982,0.012322251612592039,-0.005461516977386505,0.0029031915789923257,0.005791666666666669
2012-05-31,-0.07754586725245083,-0.12877712536936536,-0.17647059774357554,0.0032085521185842847,-0.15582193310707693,-0.07518792092060411,,-0.09918692914484872,-0.020188724033216587,-0.07375466920951157,-0.023493609499727564,0.07232648362627359,0.06270243830342581,-0.023654489071122442,-0.07389890963341827,0.0424140691623216,-0.02075497468069476,-0.13988666186930743,0.04246617553691401,0.0029031915789923257,0.010750000000000006
2012-06-30,0.003672598192891563,-0.007832478270257015,0.03246743942661667,0.13539474213016467,0.18255604161548988,0.1070459928044285,,-0.009025128140249139,0.02064635847804097,0.049926185771798526,0.01390913764814683,-0.023221487048804668,-0.02571714929670199,0.003937287146158486,0.0006615402109431123,-0.019585453539606168,0.006515515742123723,-0.0369537944253,-0.019092027457602523,0.0029031915789923257,0.009124999999999998
2012-07-31,0.020354329160345408,0.08992481354219706,-0.09014667141297594,-0.06103287232362431,-0.036020689360042435,-0.08078325442310086,,0.09107428638942672,-0.006096995402766536,-0.01693033144331113,-0.013861600811624908,-0.003953103325533225,-0.00048196211013684653,-0.009488268145565026,0.03950366091389901,-0.017716705930806986,-0.013428596758069622,0.018124592863717703,-0.01763488648222833,0.0027416127712427407,0.019524999999999987
2012-08-31,0.0,-0.05805911317995627,-0.023041617639484757,0.09499985796689336,0.04982172227184667,-0.0013316462242877192,,0.026711337613100072,0.022347263777492632,0.029276243083473874,0.01267882121485786,-0.003810279644575365,-0.005103904414696436,0.046626268877336896,0.05372520098632805,-0.002639451050888364,0.043249646948184006,0.0926115834897876,-0.002568832185640746,0.0026202404401427515,0.013250000000000024
2012-09-30,0.049252809136475895,0.09164595331983305,0.07311360779510068,-0.08858445146160454,0.22203414342390237,-0.026666605606560756,,0.009756309066228042,0.008889100622345047,0.010641168277341295,-0.005056368632040287,-0.019481042471412024,-0.011018928552881335,0.029900765143417773,-0.019814446295255084,-0.016055003143827462,0.03446811419057427,-0.05970881606132861,-0.01598123768943971,0.002579747055223791,0.004574999999999987
2012-10-31,-0.045990231360222955,-0.02674571311596441,0.09230742708842588,-0.04108178616275482,-0.036060909447997,-0.17534253720273052,,-0.10466996365025116,-0.04029195858797663,-0.011805915521842514,-0.023573358655601506,-0.026374784989710465,-0.016401612286202405,-0.05127809873252798,-0.06067600100407933,-0.022289773145393932,-0.05208575334023613,-0.08559141991461128,-0.022417625666499408,0.00240947810048997,0.006541666666666659
2012-11-30,0.01812717227236016,0.07328191112257909,-0.018108910543339407,0.03761715292448775,-0.03884912991901723,-0.08305645322263178,,0.02697826791051572,-0.0019040573034644348,0.020078992340923474,0.009886604001675625,0.002196866743849446,-0.0019829883827124917,-0.012161179928836918,0.011925277696812842,-0.00773749766922649,-0.011334811907358966,0.023206397239297738,-0.007458924024516533,0.002344529964669828,0.001474999999999989
2012-12-31,0.041284016364286025,0.08805503608977494,0.055328209079515744,0.050194198719896166,0.08844835993645361,-0.0054346990346856305,,0.015229454778022511,-0.03209017417314697,0.0013683227578269452,-0.01358372734839619,-0.04968266365772667,-0.04854521211679874,-0.06394461735613688,-0.051586381077030286,-0.04066167728741954,-0.06090370752553287,-0.00926284028214519,-0.04063370107378861,0.0023688909406458514,-0.004508333333333326
2013-01-31,-0.021420441470657914,-0.04861999759909297,-0.052427489953835726,0.0048546910588771475,0.22222232943115605,-0.107468100744876,,-0.01041650462925714,0.09908648261033859,0.0845470497629428,0.10570447902096625,0.03204360574012899,0.04013869214443355,0.04027230416559324,0.07153358386623276,0.04556405928188889,0.0366990689616471,0.11012892882389469,0.045620677134266874,0.0023526510136486767,0.0066083333333333445
2013-02-28,0.039170130593635166,0.06629837792107462,0.08606611333595282,-0.004831236896313262,0.05818159247159138,-0.005101878352394729,,0.09824568883832319,0.011359247290878116,-0.014249631641935157,0.020792874312245857,0.009928182228521987,0.0005194601688123246,-0.052180148193529785,-0.04838396642081699,-0.0013819789628342072,-0.05123471866017959,-0.05710540672631437,-0.0012987989104854547,0.002328285695076815,0.0030416666666666634
2013-03-31,-0.01847768116166726,-0.011010467768519772,0.08490556998743637,-0.06213588793013225,0.050400801547141105,0.3641021831867086,,-0.017571976147324753,0.064880621791223,0.03931695488071463,0.05024489922252706,0.02886637750333443,0.028129476081744542,0.03564767471818464,0.03273164634997139,0.0259248777128942,0.037044492430405196,0.08365753391554631,0.025980432093098527,0.0023120385290706924,0.009033333333333329
2013-04-30,-0.028991535759327114,-0.004584075422486178,0.03999986437355996,-0.04347843652156347,0.06434036064274662,0.015037559589555993,,-0.18699174892862125,0.011146808784943119,0.04187585310905906,-0.015277889544855983,0.0072183882358412,-5.4886213047278254e-05,-0.08293838630062333,-0.045693644602167294,-0.008130239528399641,-0.08418024918558453,-0.046380949543918026,-0.007876517408653583,0.0023039138595750686,0.005925000000000014
2013-05-31,0.02129753422811076,0.01184212764780157,0.07692320523350715,0.10930761985614312,0.003073795703943061,0.2548147349089942,,0.1399998584855524,0.046249142863793,-0.008740611914938357,0.0734078940545162,-0.009619585600540326,-0.020742562440161816,-0.04124137024048535,0.006165208617345153,0.02234062921848623,-0.03314709134841742,0.005822261944980367,0.02214304896541308,0.002238890409957728,-0.0006333333333333325
2013-06-30,-0.07518668958997365,-0.12709235487384818,-0.031055948723292204,-0.02634148028085803,0.1542390055620304,-0.02715449978409734,,-0.042105208475782696,0.0038055879552318927,-0.009862758229906232,0.0016733713614702772,-0.008522322319140074,-0.021299455930272826,-0.09512861586298571,-0.011337699625946662,0.01715998165340782,-0.10593695338643705,0.06815706145379874,0.017407460151045218,0.002214494647832854,-0.01808333333333333
2013-07-31,0.026277789083616998,-0.046199381541259577,-0.12820511516347555,0.017034055851893104,0.11504415725213724,0.13834940269699492,,0.003662945873931678,0.020599665866115835,0.022105667044109767,0.0278030372988487,-0.03297262151539715,-0.020796841150766854,0.04255532228256653,0.0013436046469643692,-0.029550125337018174,0.04070794932546451,0.05557530787396381,-0.02952586742597596,0.002206361275312263,-0.005241666666666688
2013-08-31,0.012109342611711593,0.0687495856633924,0.038602960634089856,0.07881776368097082,-0.10317453035729696,-0.11087424280927083,,0.01824830938268751,-0.03138637879368611,-0.020961890597541277,-0.026202357659794506,-0.015641398627175507,-0.019673364931547366,0.0505354222029073,0.02667512894794033,-0.001437256432292755,0.062247330068675666,0.02347217098072152,-0.0014206152456588406,0.002190092351739059,-0.004108333333333325
2013-09-30,0.03988031887199539,-0.0007306104796416246,0.07079649071391847,0.05022817151176939,-0.004424694920113104,0.1079137833433681,,0.02508948371182118,-0.0016683995393472761,0.04342961399962619,0.024481596325091504,-0.014428247003114292,-0.015297671145098946,-0.07858634289495259,-0.06496120369700131,-0.03250425204361851,-0.08053604652767099,-0.08011631849872647,-0.032288766324518714,0.002190092351739059,0.007008333333333344
2013-10-31,0.023969023239214682,0.07168961266522866,0.05619828356112233,-0.004347656207723372,0.11555559961842832,0.39069255391356217,,0.04720279414693129,0.02918915241380171,0.015708086107049102,0.03047993334665433,-0.008708583594963959,-0.012977258648301238,-0.019736482862720117,-0.016741724461721286,-0.016574682530929863,-0.01851046431382586,-0.07355401144874418,-0.01633296222417302,0.002190092351739059,0.007441666666666657
2013-11-30,0.00898892110422067,0.019795254506977944,0.10798128661543438,0.18340591723040633,-0.039840591188364916,-0.031128334541850045,,0.025041855943139568,0.031486232497858646,0.007270101523701333,0.03847161042890246,-0.006982971848291775,-0.008790703958457824,-0.05341538416854519,-0.007541714622150475,0.0015766315076461979,-0.05345611804689254,-0.036247302933662295,0.001841429007143347,0.00218195680041533,-0.004333333333333352
2013-12-31,-0.01039324885304671,-0.07257049129274162,0.039548083382483945,0.00763168391190594,-0.0295941612688293,-0.005361492235369636,,-0.03746808437480764,0.020313698231229527,0.016171198730629444,0.03648483726635665,-0.026263651872074245,-0.019918211527215623,-0.04320878202252709,0.0003768591087272011,-0.0054711130000798525,-0.04419933080067828,0.05566792438350121,-0.005418915303043836,0.00218195680041533,-0.0004633333333333139
2014-01-31,-0.0423856789600382,-0.06705490546018866,0.028532127250316952,-0.07407386806611993,-0.022321385679273775,-0.04471543233611208,,0.056218033978275184,-0.012371733559088938,-0.029532831353240585,-0.019971088140238846,0.055071926688927464,0.045230177928045956,0.05871182593236446,-0.007405962416854983,0.02371241472272345,0.05624903462629205,0.01403904675059553,0.023720945268345783,0.00218195680041533,0.0033441666666666893
2014-02-28,0.01782232678185469,0.053906334343208906,0.023778357198657618,0.15999985315756304,0.059360770589157674,-0.03404273745836783,,0.011290161215323558,0.035247627704760864,0.050887820821948315,0.0303559487005316,-0.006281917249421398,-0.005497387068982618,0.05226593422145598,0.039926547911581345,-0.009604867988061705,0.05509412401037195,0.04197799226789267,-0.009785796016671844,0.00218195680041533,0.009289166666666637
2014-03-31,0.0001922037107888741,-0.0044475415194430434,-0.07096759699769217,0.03103427839189088,0.13362038165420964,-0.022026318978294657,,0.0047848041258502505,0.006267236386587882,-0.006594373685929522,0.007534627624994128,-0.007611176245822193,-0.007325187804404831,-0.03336991166656944,-0.002393585226410866,-0.0022297602980198006,-0.030711225564166833,-0.011836854583660239,-0.0019884153321048093,0.00218195680041533,0.0018849999999999908
2014-04-30,-0.009276665401743323,0.0,0.11527779457045662,-0.05351146467453782,0.13307997326851684,0.13513513038847824,,-0.06349212893087386,-0.028085081672681755,-0.01870795120597868,-0.021883574055018618,-0.027475135997546918,-0.022051138073790333,-0.0300313558890144,-0.024078263071553918,-0.03479452976693387,-0.025619323764389135,-0.05227810785770748,-0.034778444483887117,0.00218195680041533,0.0031025000000000115
2014-05-31,0.019008392831980636,0.0744599219962192,0.09962632421145834,0.16961123736239325,-0.01677838791493025,-0.023809461185406056,,-0.023728995043635903,0.012372387832677134,0.0051972963926125715,0.008442608753641112,0.007472538751639002,0.009213418828539544,-0.04077558637176426,-0.024824295780727756,-0.010588246036011162,-0.048771781564271977,0.01887389733664757,-0.01056351414316603,0.00218195680041533,0.009849999999999996
2014-06-30,0.0,-0.0835077366637218,0.09966030253387737,0.006042228296966767,-0.027303976981494116,0.14634122760943646,,-0.013888561939096489,0.01539413632799791,0.004015545254672626,-0.000419919604659702,-0.007301479856452464,-0.0014660234111986137,0.05772047848744122,0.01587597501890703,-0.005361826149287374,0.05571606437876464,0.020620350363630635,-0.005128029888073482,0.00218195680041533,0.008635000000000007
2014-07-31,0.03842575662121672,0.015885614194224518,-0.0638518428726974,0.012012191272033457,0.035087986180667,-0.03900687990724483,,0.08802798409066859,-0.003409452517507461,-0.016134728519463404,-0.03150501565059327,0.007937583731266962,0.009233926603101628,-0.026521086273405436,-0.03772116190784347,0.009944399351295097,-0.02078668876471268,-0.05886045742284396,0.01017994734989558,0.00218195680041533,0.014238333333333334
2014-08-31,-0.018895877605762168,-0.081161648622748,-0.001100236547366129,0.2611274239806216,0.02711844156585652,0.08118049592902676,,-0.048543682119879805,0.029917855145214167,-0.007397634336095749,0.03268231247974529,0.009446183322604051,-0.003162855209903004,-0.005409148151645504,-0.02053134148236757,-0.008967016542075434,-0.005703433294698135,-0.03148846657243143,-0.009168378134177035,0.0020761284687424997,0.0010466666666666758
2014-09-30,-0.03266598709933066,-0.040518830355173785,0.02973591104283657,0.14117655950668007,0.09240934114575827,-0.010238550427142945,,-0.12585037681282185,0.023154189725592467,-0.002811614119664574,0.02557395911857241,0.02658066458827668,0.010542608997624159,-0.026609539277534844,-0.037554791553805034,0.03746789440689402,-0.023289128566974182,-0.014427074241638915,0.03747913297303307,0.001937551809032545,0.0062716666666666546
2014-10-31,-0.025180881044661874,0.05067581652295705,0.014973140153216047,0.0,-0.039275000482937195,0.07586176855061222,,-0.02723711814561458,0.02510798356215993,-0.0011347152122198612,0.04033777778172043,0.016906567437625197,0.010546990427296787,-0.029073845114959695,-0.03729796284644915,0.0013022055173910196,-0.031077334612256036,-0.11515493450683756,0.0015232201050630056,0.0018232713376404863,0.01465999999999999
2014-11-30,0.012615425066747177,0.03456583298197846,0.012644815250221209,-0.0804124112145932,0.0031447660517491816,0.07051293586502183,,-0.012000209614651314,0.07163973751849806,0.04363970737469858,0.07510243646459425,0.056427622684469325,0.044646981138959374,0.03789537761864903,-0.045797511858537865,0.042987212619878035,0.04663867039234293,-0.14336224333248282,0.042991558300245813,0.0017660772833825167,0.0061575
2014-12-31,-0.02432312412009041,0.0461689592357748,0.0001405028605871994,-0.03328302397881766,0.04711894452312726,0.09721438485450906,,-0.0324140299098542,-0.005985007685025079,-0.043247038788783554,-0.0036721484665602766,-0.0021670556155468645,-0.013933157301160626,0.009609492509109696,-0.09959775731091336,-0.0036756122507822786,0.003920155563255978,-0.19749314508029725,-0.00342658612983493,0.0017579037712718293,0.002793333333333346
2015-01-31,0.027766697254872463,0.028636073100554604,-0.0020942269078862985,0.1007025305671767,0.06481494623374773,-0.09917347018894385,,0.05084707840196789,-0.026528218867614473,0.009461214701210974,-0.032442885398739185,0.046355987850580815,0.03561715311625124,0.09037221243610505,-0.05389714277608204,0.0029760803830034543,0.08335618190606953,-0.09153086523065135,0.0031996513030991824,0.0017579037712718293,0.015534166666666663
2015-02-28,0.002366441664225283,-0.00586051666183518,-0.02203586084105036,-0.07659588083733448,0.05507222204099049,0.030580584676969336,,0.006048581800219388,0.05800193814153243,0.0651878895004201,0.055302009064868596,-0.023058481190787905,-0.011205972243671036,-0.05745084099582587,0.046030024209166465,0.0017018520514100466,-0.04993066770283294,0.03326452617028752,0.001708529819226312,0.0017497295255153311,0.005462499999999999
2015-03-31,0.020066590884711966,0.06190104272249086,-0.02253218790763878,0.07142871422069619,-0.1126373140011222,-0.059346954360996795,,-0.012024130496909757,-0.011386360969122045,-0.009960119193153871,-0.02118416996733452,0.012987412383521413,-0.0004516609354344725,-0.01722828465796078,-0.056416688671906856,0.004388196154930135,-0.020046450375763802,-0.03921064676340558,0.004409118512083143,0.0016106549662961989,0.005455000000000014
2015-04-30,0.040226085019148705,-0.021512890562063625,0.013172648373288798,0.09462356878520395,-0.0650154276785535,0.08201875892057475,,-0.04056813070803966,-0.02353502870344959,0.002216761141548451,-0.03547112100564487,-0.03916560529119839,-0.026489179741793323,-0.03466033315866157,0.03606480628403674,-0.03325541007542665,-0.03361597316914389,0.21133603446031324,-0.03303986916101187,0.0014959632659397037,0.006846666666666655
2015-05-31,-0.022514129797133298,-0.07304970727115367,0.10725894268685487,-0.01964631200140521,-0.08940403985356249,0.1895045481424833,,-0.05496809433153593,0.048890199470800866,0.037600567362323645,0.03892704252700563,0.03126552220632828,0.025162638251222225,0.04132595834475716,0.002736981508776548,0.03535008382930638,0.04170711071393218,0.04721198790597736,0.0355789197088765,0.0014877654706024757,-0.013835833333333337
2015-06-30,-0.03435665920099518,-0.029079529708903595,-0.17221159183351054,0.10821638109835185,0.007272847288689377,-0.12254902007184632,,-0.05145412907551916,-0.010383004342365276,-0.02136315065621941,-0.01668065494355475,-0.00633862886466241,-0.00021450128571787186,-0.005180301439325352,0.026676330978102847,0.010135474889905183,-0.005066685267227422,-0.0037685126891791043,0.010143892299550039,0.0014057468926966799,0.0031750000000000072
2015-07-31,-0.03359423637607639,-0.06545737122156647,-0.12293128245151552,0.10669074812525103,-0.25631779303366786,-0.15642465935189753,,0.007075342672298257,0.07064555631479341,0.06826742288922838,0.050092878923530426,0.06289172114960051,0.052600472963957534,-0.022326978543529497,-0.08504326604961887,0.04699437517207117,-0.021464646233643414,-0.17043260758127055,0.04704496645130818,0.001364709877352599,0.0029566666666666647
2015-08-31,-0.04710992688337157,-0.08101249129878885,-0.03504050081953658,-0.11764721369341413,-0.035922174606402124,-0.12251649658559038,,-0.03278682153287582,-0.05547185589778347,-0.06885079125881655,-0.04852049833644312,0.0066291952721360126,-0.0037201212922880478,0.04312232784808301,0.0032759276053568875,0.005833729887806616,0.03954826815687107,0.050233900671501575,0.005836244437578353,0.0013565002539421833,0.009141666666666673
2015-09-30,0.020725835128746928,0.04132180509819405,-0.06284918723196409,-0.0962960531696544,0.017119799062125463,-0.06037742145930658,,0.12106545822363834,-0.011812613751265966,-0.03074751330441139,-0.008287821713537702,0.03007574372379751,0.008758934854645295,-0.004202122578504164,-0.020838191806233253,0.013619041770022822,-0.00036514759260164453,-0.07064878399633534,0.014066775212171256,0.001323654354508319,0.006523333333333319
2015-10-31,0.06070196959537544,0.2098766568142192,-0.08494761581371646,0.09426237037464724,0.06930686915293305,-0.020080261176083414,,0.03671712579841402,0.03572065032010152,0.01764215833380045,0.03832997775817448,-0.05155114802983063,-0.04260702170289121,-0.023675972332813044,-0.04232116459916513,-0.04568060897000248,-0.023223242372696573,-0.013717219325935948,-0.04541726010658953,0.0013072269593599195,0.008246666666666683
2015-11-30,-0.023330096919501386,-0.0641399314151897,0.02931583424260431,0.01123561341994428,-0.03703715635159743,0.053278779015681454,,0.03958331581735175,0.016836452554239267,0.0055067725940274315,0.021906880226931325,0.008800619118825237,0.011671983040868472,-0.055274221708548454,-0.05418682276906561,0.013355339476492034,-0.05405398329257305,-0.09429066790010132,0.013276581751852978,0.0013154410275031392,-0.0065600000000000085
2015-12-31,-0.005920391514547263,-0.0029398769737354336,-0.010893747186996205,-0.09719816352335797,0.2532874344847609,0.26441232597185804,,0.0020324667093820636,0.00025575287580625883,-0.005888216783149547,-0.008336729109319041,0.01323584643126896,0.00755846833997964,0.013252887287903414,-0.0416890471873802,0.017623612699195323,0.012594230778672388,-0.0948128707061,0.01797222000086829,0.00138112690341341,0.005528333333333341
2016-01-31,-0.033682790975523735,-0.08730171273675558,-0.11219539897377973,-0.018711041439019138,0.0,-0.10509561445074056,,0.048681617778342234,-0.025381114181866615,-0.030910198655307863,-0.03274908985989533,0.05987613910901013,0.041768906433051534,0.08118379149270849,-0.01884412709404204,0.025908980004820448,0.07995251411381177,-0.06902008738499443,0.025940123585162178,0.00138112690341341,0.009617499999999994
2016-02-29,0.017215760687530723,0.024347902039449032,0.09890140219446808,0.05084760692988066,0.05600012255557618,0.20684139664636803,,-0.0367505204280929,0.028594952194549217,-0.004881922463754185,0.07330815713225425,0.04474311260846453,0.042012554175741235,0.14196708507914724,0.027028663363020344,0.029445186214862584,0.13779327537200103,0.03342582208713485,0.029709038213640016,0.0013565002539421833,0.011637499999999993
2016-03-31,0.04283313881868023,0.11375192945575896,-0.061666619882488005,-0.10080642510238313,0.11363636363636354,0.08841473546645151,,0.0,-0.01949960186395805,-0.020826609839914356,-0.017230869971588292,-0.08190458587959826,-0.06597941489939962,-0.08904052224876469,-0.04238712433728953,-0.08129690203049234,-0.08107359087390398,0.04364672344693021,-0.08114927448947507,0.0013482898900922802,0.00012166666666667183
2016-04-30,-0.0022098624880623197,-0.05106699546251048,0.0,0.004484157387773413,0.15646268372143157,0.14705903763190276,,0.046184641639932744,-0.0015439669450146853,0.016633068676953577,0.006907442738851577,-0.0070161788940314995,-0.00338195307465583,0.045345156101662676,0.09107139324984614,-0.005028634299514723,0.038856004181375914,0.19116068407256126,-0.005303979640014167,0.001331866940514903,0.0037449999999999975
2016-05-31,-0.006134721650976838,0.03775060864956914,0.01953790651915388,0.022321425321860655,-0.10294133835720976,0.11355293533214472,,-0.021113117447479568,0.07481239177134014,0.05592977725420156,0.052317569493996574,0.05578531344459958,0.050026691368185716,-0.008037445036621294,0.06625718793629631,0.056834172109237135,-0.004155869914106436,0.13002086905689403,0.05708308613062796,0.0013072269593599195,0.002658333333333339
2016-06-30,0.0041150591766103695,0.10373045686543825,0.128920100883974,-0.11572033843622098,-0.08196722091214825,0.032894716012170644,0.029279162169689288,-0.01176468700977129,-0.035291509543190935,-0.06189253090514457,-0.031776894860185756,-0.008950003540579399,-0.017013944769703415,0.04759664037563227,0.003193829488875366,-0.03884345598204442,0.04335363395939229,-0.05370953454479499,-0.03843471805926557,0.001183926905437005,0.009989166666666667
2016-07-31,0.02971186401190873,0.08000010539480895,0.0617286466985314,0.029629760099682212,0.07500000777163507,0.23885358665115608,0.08752748506458086,0.011904742580158834,0.010562880908906891,0.013779949403408098,0.010340840730936884,-0.02259357297627662,-0.0187681834917377,-0.005646326996280426,-0.09296118078381133,-0.02457037032053666,-0.0023670282979572077,-0.16076700530426813,-0.024802000599934204,0.0011263296687684665,0.012147500000000002
2016-08-31,0.01871393170443003,0.052631283615939495,0.05959265133526004,0.016786259671823123,-0.019933460346347465,0.028277739436163518,-0.06237420343864142,0.0215684956288571,-0.0032320771151622685,0.0008932635039184955,0.005010106559532268,-0.014494046004127625,-0.00783592090531493,-0.03684333894486713,0.003244869052002386,-0.0044242407185104415,-0.03549445210450142,0.06976535653314908,-0.004159142441812369,0.001118098515767496,0.0003674999999999978
2016-09-30,0.0031268959983927758,-0.013580082957033723,0.10288058037437797,0.0,-0.06101694915254241,0.13249995653668156,0.09442043998254945,0.05566215357566695,-0.014929010017772137,-0.001818816761320563,-0.013152410753118238,-0.012646906059022522,-0.007590948015277821,-0.008197120729697471,0.027453632262401717,-0.014770461348692088,-0.01016225505600754,0.06302187080919364,-0.014772804709073939,0.0011098666182607353,-0.003569166666666664
2016-10-31,-0.005259939971097194,0.025657284196756835,0.019900405908876095,0.054245283245608844,0.0,-0.05298019928833786,-0.08627437548960148,-0.003636335853253292,0.022875612638034726,0.017860480708352444,0.020060176726621526,0.025363028649210584,0.03529168779633962,0.01026721071242287,0.037454185285220376,0.04114920340652173,0.007790796875159378,0.01114388472635408,0.04117706004163457,0.001118098515767496,-0.002940000000000011
2016-11-30,-0.004700587259103606,0.06528341070268961,0.04634132182723261,0.035794286673098696,-0.05415172929278289,-0.020978894677782023,-0.08798279193031844,-0.09124078700025728,0.055970789916415686,0.0003102555472271895,0.111023624317093,-0.024599594645090983,-0.002644020348600673,-0.06665476037088602,0.03547263031180603,0.018007527074475282,-0.06220621180564734,0.07452653440880486,0.018849329752521404,0.0011757009600361634,-0.017119999999999993
2016-12-31,0.036009205107440545,0.04809451612341342,0.055835950803341694,0.007392288636362432,0.22005791525245977,0.2868535989889984,0.23294112845557624,0.07429717181095907,0.052971842900113586,0.05998009303321927,0.03520886679096957,0.030827274021681728,0.031630604295571185,0.012286482151787848,0.0747976394655483,0.03227602880342961,0.013715057673004738,0.12139432228839753,0.03246203549864868,0.0012743632726075482,-0.008062499999999986
2017-01-31,0.03475833367577663,0.09489494098278306,0.20134210193880597,-0.05664508295139936,0.025889982912226328,-0.08208947117040466,-0.09160297454467525,-0.08333323486158473,-0.012575776427304786,0.001992030160738789,-0.011849113423305302,-0.02780596175993444,-0.021276929701443903,0.022635159678226158,-0.03544653717084911,-0.029509978841533613,0.01949636111115205,-0.046367366883290906,-0.029531497842062104,0.0012414877164492744,0.004199166666666638
2017-02-28,0.004588447160938092,-0.025848956730719408,-0.13035390153441906,0.00692858597333057,-0.00315453170855573,-0.11382136850079116,-0.05882376590420468,0.053718883868115075,0.007940345662453607,-0.018618233483129965,0.007782989742033841,-0.023148306726196388,-0.026173623775875843,0.000721294364240066,-0.032012838155049295,-0.029677993312907325,0.005141869658697784,-0.00812822654377654,-0.029744008846340764,0.0012332669717645128,-0.0008408333333332965
2017-03-31,0.04293853667962266,0.07540403814356567,0.08137058224710136,0.11697254269115387,0.06645577597078,0.057339584363899965,0.11160719763223592,-0.056862730846593434,-0.013689843897708442,0.016913372478259525,-0.02246293571648894,-0.014127838557034589,-0.014921356288073673,-0.01913499546028863,-0.04688002253542056,-0.015093554573718082,-0.019089362646142027,-0.07711573009177275,-0.01431757252928334,0.001225045484541054,-0.001097500000000021
2017-04-30,0.023892874723249413,0.08300921476590184,0.06930706018303989,-0.004106854152519768,0.1097922102846467,0.13015173984001094,0.04016066030157539,-0.07692315909387448,0.021607354729700656,0.036088344466884914,0.03146833575968966,0.022782976011782363,0.016116409637450424,0.02903362367682205,-0.01570144075583746,0.012318942988813086,0.026813251502874502,-0.013822632026910364,0.01222159843537618,0.001183926905437005,0.003800833333333341
2017-05-31,0.06401111395875803,0.001792957705225584,0.05555547905677005,0.1278352555051756,0.04946517286829555,0.09021125340671099,0.13127423415758455,0.23648663281687976,0.00869205255360117,0.02988833670527602,0.012346387799802017,0.002877972337466561,-0.005744600245340403,-0.006580684379036361,-0.019458674090406913,-0.0051933565346733435,-0.0007102538425564076,-0.02571029961333504,-0.004561316415348293,0.0011510186621450647,-0.00193166666666667
2017-06-30,0.024194804536397774,0.0666653110462001,0.1824559944185573,0.016453289444205765,0.07133762167292401,-0.005281782450960781,0.011945354785750206,-0.08925315205758566,0.02628940196029439,0.022807148484835338,0.03356862156486318,0.014591982316683572,0.010948089806122718,-0.002193661611994635,0.01000279592762543,0.020838014475554667,-0.005305656431833006,-0.02833089280488854,0.020628286509046356,0.0011427897418165855,0.006480833333333337
2017-07-31,0.007439743031419033,0.0138833344445084,-0.0207715017990876,-0.023381341807847456,0.004756311884663411,0.05840717667672979,0.10286683096268634,-0.01600016676933158,0.0008847183554969718,0.00674876537418867,-0.016393843629625038,-0.015597113555891773,-0.014749247207843319,0.0034125190243750048,0.02077012933427058,-0.018952231303950073,0.0011996379508552035,0.06870227842590171,-0.01841689520164569,0.0011510186621450647,-0.0025458333333333296
2017-08-31,-0.020660963790473774,-0.039004099024196215,0.039394077962013,-0.01473294977173134,-0.05443799559732365,0.016722381067346026,-0.07033642665991957,-0.04065038952296751,0.002275065397142839,-0.001088064248238596,0.0015535512667093077,0.013925300386959494,0.009728460995528598,0.04132005348058776,0.0033461574978626007,0.000497062244936064,0.038494227085857036,-0.05920381459831725,0.00017022622480000749,0.0011510186621450647,0.00012666666666666837
2017-09-30,0.02888678334787631,0.11008838015682665,0.20845459142545075,0.07663543357369917,0.10638309672784918,0.0476972613902551,0.12171055693633814,0.016949176264652754,0.04068278922392987,0.04422016032770615,0.06281439623752139,0.005421452679175376,0.012965987593071215,-0.01424955400093686,0.04039510578056471,0.02086380486913897,-0.0067667344085889924,0.11602782138300749,0.020997462530884192,0.0011427897418165855,0.0019558333333333138
2017-10-31,0.05379763267322235,0.07410273664145373,-0.008443745647172984,0.005208467539580042,0.13687788167493165,0.08477243952981772,0.06304979086887008,0.1104166465958063,0.003475545232362487,-0.0031624080993417625,-0.012307365201372211,-0.02147786352626302,-0.017311895292015378,-0.02696372008011061,0.019207244711671567,-0.01893962863642784,-0.030718603946615963,0.03179314556287838,-0.01871302365851779,0.0011427897418165855,-0.006545000000000002
2017-11-30,-0.025168572983361948,-0.07770490698181853,-0.06569367457230724,0.00863556901121787,0.17910428101036935,0.10274971407148192,-0.045516956002320086,0.02626648756393757,-0.00868590709345507,-0.031456648159142175,0.0019861490245522972,-0.040774310147538184,-0.03725794557426054,-0.03466024427485548,-0.0290756568532039,-0.03756176648035947,-0.03338092964138284,0.015331950525278915,-0.03710117430179993,0.0012003765662376154,-0.0022041666666666494
2017-12-31,0.007530222051985058,0.012179166854201284,0.009739402498107452,-0.01675042957568862,0.02140942239908039,0.013178518451848698,-0.028893322773600794,-0.02532073789004541,0.0016658254424581909,0.003012852811810074,0.010531137807730628,-0.008507194224030123,-0.001078269664740561,0.010503035006715011,0.01722248901689638,-0.009600219189090708,0.01539252897986243,0.04173303774199022,-0.009225701677760711,0.0013729187604631932,0.005516666666666666
2018-01-31,0.028218538854292152,-0.02080064047285235,-0.03921604017511526,0.12544134731524048,0.0,-0.08246075094734184,-0.013473072849320089,-0.058935391317037955,0.05937222353547389,0.05320093747486654,0.05665896943875848,-0.018712531413767275,-0.0056752187845827695,0.03529350136358356,0.032436045391377455,0.00416861903842336,0.027955758059984737,0.0743893913392335,0.004039175523567584,0.0013729187604631932,-0.005639999999999999
2018-02-28,-0.05978325659961892,-0.056913857173477855,0.044898122599475565,-0.10675004829195456,-0.0042191984839062835,-0.04564900979982822,0.08042488488642308,-0.07878780120542517,-0.03020618584713375,-0.042269604637434566,-0.03249046030131841,-0.0030001929663996396,-0.0040163551767652406,-0.01450580379687727,-0.023039709989012724,0.0072230438445970435,-0.011275814510195104,-0.04165500627342966,0.0077336698661243375,0.001364709877352599,-0.005011666666666668
2018-03-31,0.008520003654622244,0.05355726670548999,0.058593841735646635,0.040421765262292686,-0.04661025113515371,-0.09417041973299844,-0.06460677063466902,0.050438591441326786,-0.04307966666818941,-0.024371987270900175,-0.042561008403303235,-0.004739902501620485,-0.006176759268269327,-0.00989277900036456,0.006411720658310305,-0.014829928225960187,-0.010651110862276436,0.036563221505382604,-0.014752089326680151,0.001364709877352599,0.005408333333333311
2018-04-30,0.02525771283634004,0.07679800683548699,0.039359996569370725,-0.006756763977319169,-0.06666664714020865,-0.006600601935117689,0.02702718799103887,0.03549032925473683,0.010468222657870507,0.02056546072836052,-0.02273713878042327,-0.007559649023491044,0.0039532313762891125,-0.004317002192161246,0.039611114767862166,0.006317062979575461,0.00025724684648387175,0.061465505287257916,0.006738158990266863,0.001364709877352599,0.004906666666666698
2018-05-31,-0.037151940918815685,-0.04339630187862664,0.10532543327223132,-0.05782325870890992,-0.10095234369271189,0.0016611148416174615,-0.002924085610807592,-0.12096755001164372,0.03143804434848119,-0.012114766777386432,0.03791255213147826,0.01688966705436945,0.010273926256858301,-0.005082854737216813,0.03391119563086886,0.008468734038906467,-0.005357710393950055,-0.015508650146625835,0.008515473919452177,0.001364709877352599,-0.002887500000000018
2018-06-30,-0.03392277177576486,-0.07303821867465476,-0.0824409638191318,-0.06135057554326018,-0.10593230150023147,-0.22222213519523737,-0.17595301095664828,-0.027523118637345134,0.04832779020163014,0.025822220049453337,0.007009056451019902,0.04439200294304846,0.049081530727670186,0.0046539223728792045,0.0220998960965193,0.043883109706529755,0.0032091739235382555,0.15287955175562518,0.04395279551919429,0.001364709877352599,0.0073475000000000025
2018-07-31,-0.005826644153462901,-0.008574237990973343,0.007001494328800595,0.017374309228640028,0.2618483177179862,0.05543700616682834,0.04626327061459912,0.07547195753044056,0.03346514564863745,0.02496796537729784,0.07014287491126825,-0.008713375748182539,-0.008762427350525237,-0.025795169216750735,-0.02769105609321343,-0.0020696754905131787,-0.025434646870965083,-0.07589311980002755,-0.001820043796102011,0.001364709877352599,0.00756333333333334
2018-08-31,0.0052005485509061256,0.04756733882644193,-0.03823892838004361,-0.0018973696912026883,0.14553994871210452,-0.16161606331163259,-0.09183672556287237,-0.017544134085132557,0.030792247437887443,-0.023425858023198853,0.0012451525301033772,0.009036019795546801,0.005347355457555825,-0.022450372822403808,0.0064353333202067375,0.0004916133744092832,-0.020193978651432798,0.014015942545068771,0.000602108289688541,0.001364709877352599,0.006674166666666655
2018-09-30,0.005507371903723524,-0.034065640580420276,-0.11927732213932907,0.09125458686314158,-0.15163931622023297,-0.20481937034717923,-0.1610487950237005,0.01785742718202954,0.0031141023204792617,0.006810297001662802,0.018897643783513773,-0.014830791435113122,-0.012492249606275818,-0.009403659365775696,0.03103657964381501,-0.0014187657652592334,-0.010125814419085,0.04647284469723534,-0.0010456554324120848,0.001364709877352599,0.009198333333333336
2018-10-31,-0.12129742654859987,-0.08719069392831835,-0.06703094962976319,-0.08885027056840711,-0.11207730524692905,-0.09090907139275062,-0.15178562313478583,-0.1666668916484716,-0.04785555834056554,-0.06036563140763418,-0.08832775069650067,0.0197261548690697,0.007287503882090984,0.04450553933722201,-0.03466148692085469,0.024570700792355238,0.04068177941876594,-0.08804394041893393,0.0247479555004666,0.0013893343063426933,0.0007791666666666615
2018-11-30,0.02917780171257256,-0.012971792811847349,0.020527735671705516,0.0764818793385782,-0.10554954317529774,-0.09000006533420057,0.14999996272109972,-0.04999984277737857,3.53008730578086e-05,-0.013304138942251464,0.019196423254428607,-0.005117938654597087,-0.013473061868249037,-0.014851646411977115,-0.11485403924235726,-0.016351267499062128,-0.011778955946695313,-0.23435539172939024,-0.016308277625703194,0.001413952076400271,0.00839833333333333
2018-12-31,-0.02135480262298639,-0.06665338958741285,-0.10849696493127714,-0.06168665811489371,-0.02259742211992799,-0.08082523683973786,-0.06964875031860729,0.07526875033663694,-0.08863654081872852,-0.05410774322940892,-0.10716609279157474,0.027379689346344493,0.004665267312761623,0.04874370647644999,-0.04063131255391672,0.00118192126454697,0.04693999086973322,-0.10895875230560814,0.0012509853034863294,0.0015779006482814495,0.012690833333333342
2019-01-31,0.09198630860364765,0.19250701663989322,0.22148783985466824,0.013461542476206345,0.025706905905761746,0.1316871781238309,0.1393035038842727,0.18421068832911125,0.0730026752700037,0.059375879093820805,0.10698126599375701,-5.5908311357266705e-05,0.007612828573069663,0.0221377060153658,0.06407924032960888,-0.004801786468599301,0.02563538899604345,0.17679456418443973,-0.0046227278492382284,0.001545134543319504,0.001709999999999998
2019-02-28,-0.007579783560892839,-0.022752116286786972,-0.05277406593686862,0.03415553420618567,0.03759403506910641,0.14545458627686858,0.006550161486532424,-0.020000122881359883,0.03809434152791513,0.03100681694100782,0.06952636420036051,0.0002161539925233935,0.0037804152519500533,-0.0006252823714888445,0.03400681717469389,0.007359309759791932,0.00024328326185596438,0.06961767589702106,0.007475702655818317,0.001545134543319504,0.0018091666666666779
2019-03-31,-0.021871150405145423,-0.002188757242800432,0.05999960332748144,-0.0073393810138306925,-0.03260873753957372,0.11111111111111116,0.015184395525406957,-0.05442170801414359,0.03564867789348303,0.026574434111040324,0.0055429801024742265,0.04424538374033182,0.0373276379691978,0.000991857700292087,0.013411915782980621,0.019015941971269212,0.0018938328438480312,0.0691467478685639,0.019188785886141257,0.001569710227413701,0.0034066666666666473
2019-04-30,0.02808759401025851,0.02687570409117046,0.0646901904822601,-0.05175587890189837,0.1560548729835325,0.042857226862260456,0.19444453233247017,0.11510794791516488,0.0633061920878959,0.051498247767945315,0.062146757624770954,0.016275543773901724,0.02383142517580117,0.01479041981479634,0.03377995936532385,0.023538432741041948,0.01351370876795932,0.08561186588661629,0.023566827785756583,0.0015369411743291206,0.004827500000000009
2019-05-31,-0.07474983544996416,-0.07306460519947278,-0.1734175186112411,-0.0974659772470986,-0.23866094892858458,-0.11780827771069813,-0.20930236387479106,-0.06666672256803141,-0.03986432554567143,-0.026079443290846438,-0.05281607929069443,0.05679951741227085,0.043504249873201006,0.04355828808209106,-0.0356527442079031,0.027711826472306633,0.04392258928562853,-0.14150939234527393,0.027474555018805358,0.0015205522240770986,0.004624166666666664
2019-06-30,0.05518660115570584,0.1145156960118281,0.06431842517939912,0.006442387789943549,0.0723406046451176,0.024844655212515,0.08371037630776668,0.08993124431191091,0.04000188032911578,0.029821730321236917,0.04935430070492153,-0.01582511140678644,-0.020373044773923876,0.050156084425681646,0.010900001541130244,-0.025894752573428215,0.049707693404974496,0.0626682299445338,-0.026025753775218652,0.0014877654706024757,0.012023333333333339
2019-07-31,-0.03919636847862318,-0.03510644790706685,0.10647515312602396,-0.04741381462093808,-0.1322752294171713,-0.012121111745334034,0.03757838141684933,0.023354489502570575,0.03720564846024521,0.0018592952753582193,0.027035477733649005,0.0221481114338975,0.024976615851457495,0.02183342280588141,0.010064548341961244,0.023600707362970264,0.03364344827048149,0.02367888762630299,0.02346923460868422,0.0013893343063426933,0.006948333333333331
2019-08-31,-0.029808880423939366,-0.029768135625538372,0.0065017419932920095,-0.09502253472092115,-0.12499992906598056,-0.08588969234183796,-0.054326045492431474,0.031120453637298873,0.00533399028329562,0.002782072358238352,-0.0046117136925418745,0.06285709472074164,0.046287446642608865,0.10335348584573567,-0.02488819899804351,0.024186856747964836,0.08913083196111016,-0.03828614196633773,0.024086329407081664,0.0012332669717645128,0.013855
2019-09-30,0.060096788484504504,0.12285173627423451,0.062015527472250254,0.020000025093407814,0.15156795554946956,0.27516777905462053,0.22978720976608935,0.014084461032584095,0.015024404426320803,0.027154010351621682,0.02563331520087142,-0.016158540796592513,-0.015364680766390637,-0.0381492696364345,0.00974983174217292,-0.002738459280151595,-0.03934858043620937,-0.02296101589418631,-0.002892246292112488,0.0012743632726075482,-0.0072549999999999915
2019-10-31,0.010927399873852162,0.027522803684491892,-0.002433176198807563,0.26715688384922265,0.030257064122339417,0.07894740959623303,0.14705885000300833,-0.05555565670799145,-0.010389079448705263,0.001022022003771772,-0.020815262773303034,-0.029971383888867664,-0.03207458713197764,-0.006970644954029104,-0.013122203179368519,-0.0302342626720834,-0.001602679681592667,-0.0298213991319064,-0.030590706433514248,0.0012086002819180486,-0.006666666666666668
2019-11-30,0.0014458461373278997,-0.001984346880722798,-0.013414494742828187,-0.003868513983460553,-0.08370032390754412,0.01707329425460613,-0.07993960189524252,0.02941174725930651,0.04804969785070323,0.02283919902807896,0.05691407792287073,0.0044867746711492185,0.014401353518462612,-0.021015165222544763,0.0101181828650736,0.012532040544307899,-0.019211953068857257,0.02991908648865982,0.012726645618466259,0.0012579269787644787,-0.007335833333333345
2019-12-31,0.07509014510166345,0.11647820983668611,0.17556482962154019,0.03322007379673275,0.31438437775835215,0.21342906695800323,0.17540957772677102,0.05704810550698891,0.010992540799807049,0.011875170904517729,-0.019528733460081993,-0.026670712988715706,-0.014146897894950716,0.01836408252145083,0.039911854602058705,-0.01645665977133859,0.018578241295580833,0.08733402806812163,-0.01632924701330285,0.0012661454966749197,0.006308333333333344
2020-01-31,-0.029095220619625994,0.010752617048035207,-0.006376400505546775,-0.10114502183001217,0.07407405005924117,-0.04599996474883772,-0.04184076083650046,-0.10351562606471965,0.026194883905564792,-0.0023673004382736007,0.022073164900085596,0.06218957959723892,0.04853800151464327,0.07280350725283324,-0.06156933546187826,0.027844941925323496,0.06944414184006575,-0.13311510634629453,0.02789256991730782,0.00121682325463901,0.0012275000000000061
2020-02-29,-0.05802876773039356,-0.039006944652596465,-0.05989299717867658,-0.18471331975807326,-0.004597772203635109,-0.11111117427504702,-0.09315875945914964,-0.08496744744209705,-0.06040157392986445,-0.058857788268003586,-0.08064159830651663,0.050597651414280964,0.029788989946292643,0.013885738309998619,-0.04750817325108192,0.02158237471286406,0.008258117003606458,-0.11419557621424248,0.021417136807061032,0.0011757009600361634,0.007179999999999989
2020-03-31,-0.11419660636850293,-0.11249907626390432,-0.05233211787858849,-0.12760424891094757,-0.20669736343122735,-0.0849055055214245,-0.19903691360120734,-0.19285697909367028,-0.11664243734383517,-0.1329904807445801,-0.1786078395028602,0.04698012567254506,-0.008341717246893032,0.007158009705320545,-0.1656293226809551,0.011467235753472638,0.021858376520868417,-0.5381462732803532,0.009428185453403959,0.0010192665680117674,0.004033333333333334
2020-04-30,0.08990749286732802,0.047120275515663446,0.004802008836032101,0.08656736709437074,0.1397379268355894,0.030927812236102525,0.1162324771447294,0.014749391865717776,0.1160060237532361,0.04786718848789162,0.07752156769135166,-0.007015225116168589,0.020250890528692223,0.06216266116256852,-0.04054882570861429,-0.009935563410812587,0.053299668995501204,-0.08903874919161825,-0.009666427383761778,0.000912077359674468,0.0002875000000000041
2020-05-31,0.036986864555903276,0.01400010005499408,-0.026284430745211473,0.3131866748869647,0.17879950345041862,0.12750004999563314,0.16696588211076757,0.15116251473896636,0.07117131620555406,0.0779440524279933,0.07755203372921149,0.02580477779462087,0.029114248275545096,0.048919186042434726,0.10500329055168578,0.02227818863938702,0.06343475488973094,0.9260603910707088,0.022565361724353528,0.0008460519545316902,0.006753333333333335
2020-06-30,0.04836597651344454,0.04838340867526103,0.044171669717820494,0.22175719039653208,-0.1906824869082986,-0.050997735600692096,0.09692291674863052,-0.030302982246919186,-0.014729762379343425,0.002093254813845702,-0.012799804002037951,-0.03148528580525212,-0.022360593712991594,-0.0053949969746668325,0.011657692770288719,-0.03189873088207973,-0.0049287071791511705,0.07121260871872437,-0.03178988681584005,0.0006559615803181096,0.0012616666666666711
2020-07-31,0.06820922589335932,0.09659066201310162,-0.02702708519744168,-0.23883166813787138,0.5863451084807145,0.18691570133579316,0.07293125551466884,0.07031261215047446,0.05100207598909856,0.011790050347029624,0.03632509819174978,0.0010268364035654898,0.015627211454907197,0.09964964953557343,0.04334553221554649,-0.0073429017343871195,0.0820190246924124,0.017824008121588575,-0.007382360382725883,0.0006559615803181096,0.0027599999999999864
2020-08-31,0.02723023165477989,-0.06735753386206622,-0.09299512997949388,-0.03385983413800686,-0.14767933648905118,-0.15944887055989865,-0.163398528689221,0.0900241317968935,0.06083031363191327,0.038443020603251776,0.07567045030569908,-0.01799865526076938,0.00044334122424549705,-0.011589881679542335,0.03759794354939472,-0.008381327787033932,-0.0003991074880288492,0.049239427562125515,-0.008302858803980406,0.0005649081904846032,0.00048333333333334255
2020-09-30,0.011058677752531443,0.08440782768860444,0.1185086808115321,-0.07242994687265503,0.03465351013899398,0.20374719033754474,0.042187446848530596,0.02678582831937515,-0.04701521441842604,-0.030208453788103995,-0.01669758762597373,-0.006699046816571297,-0.013686785473041918,-0.05124335091699628,-0.04504212574525768,-0.01016011225611857,-0.051525851791587085,-0.06547645486957154,-0.00987401520860276,0.0005234901362565214,-0.005205833333333335
2020-10-31,-0.028851842507309988,-0.027491096471782717,-0.04880958115358636,-0.08060473015885439,0.03827750234281391,-0.040855981007352105,-0.038980493733160704,-0.019565298512556728,-0.056944363524356945,-0.06717037094990319,-0.0467753587921087,-0.0461838877975308,-0.039372271693875804,-0.03785293508139409,-0.06319223936264196,-0.03272353171070164,-0.04078906931195858,-0.13935750804247338,-0.03276237808715954,0.0005234901362565214,0.0009000000000000056
2020-11-30,0.15079620770009305,0.17844475669740656,0.22027545868187492,0.15890432259109866,0.12442398142528588,0.17849888408920034,0.2433696931994649,0.08203997460161849,0.08404964176551966,0.11721041244364794,0.1343975761823042,-0.01899311791364444,-0.010498482772832385,-0.07518161583076932,0.07740045185433586,-0.022408420385688133,-0.07649394022132883,0.23858189674586905,-0.02224047925814543,0.00054834323189068,-0.003894166666666674
2020-12-31,0.13882093166379605,0.24495513844851446,0.22782236217804508,0.16627269198339145,0.5204664848540943,0.036769703075208326,0.11548447015718133,0.06415759470200277,0.0202293167811749,0.03312273500562912,-0.006312341400179,-0.018563995958024937,-0.005420367630667555,0.052783212304424953,0.037417329089876494,-0.016185678766280964,0.049932694787126586,0.05278138093936824,-0.01616462705347199,0.00054834323189068,-0.0019083333333333398
2021-01-31,0.04235368241846538,0.012345833047405774,0.03375521175846141,0.29313910218331496,0.04419876988561855,-0.028667776723308114,0.0824858638040189,0.2426615328098971,0.01337929457337661,0.015813831175867765,-0.019892311201280433,0.012631078049335498,0.026539260656887276,-0.009193681741136883,0.05793923255108124,0.02381214822145683,-0.0020113683893823175,0.10146319897066958,0.02385309170095673,0.0005649081904846032,-0.001404166666666674
2021-02-28,0.014103272262774302,0.006097636126106032,0.1551024189285657,-0.15594857768845227,0.17195769376438985,0.074652767049745,0.03862217327810136,-0.04566931636969784,0.0341258269253808,0.028665718848576827,0.07546520723743133,-0.017629180457012672,-0.010830549152360924,-0.0568041331544098,0.10815531201368178,0.006038869618270493,-0.05839270138226538,0.18540593735613564,0.006178785780565521,0.0006063073939419628,-0.004257499999999993
2021-03-31,0.011509733590607807,-0.008948825580166186,-0.06360446954419174,0.07428590808045876,0.1015801820264266,0.10500801669940274,0.039195968632462774,-0.03630355744588665,0.0577200882030251,0.037213641867746006,0.10271408827187822,-0.01235213165995408,0.009132337961963888,0.00021803320246283064,0.004528719651743618,0.011675689257699018,0.0030070893486706662,-0.026711333224060274,0.011796848817816619,0.0006228618011265841,-0.008212500000000001
2021-04-30,0.01832622261870509,0.001228281176758772,-0.03396227048804901,-0.021276818708939937,0.4118854061783144,0.0029240020939531597,-0.017408213814130713,-0.0753425438651667,0.029022324093259444,0.0061664913973078495,0.011858006269194421,-0.012902877529861856,-0.008715083250537603,0.012137548387396224,0.05380242788001843,-0.022687882069412746,0.00804909203199533,0.050329722917617614,-0.02268543882269114,0.0006145849741192588,0.0016500000000000195
2021-05-31,0.010994264981213808,-0.012269765626180651,-0.007812694661452957,-0.03985496384067033,-0.05370112875370592,-0.10058315381699356,-0.007873970053724921,0.037037032327775554,0.012223538125501587,0.0406392495162593,0.03709264417895386,0.009893437372543001,0.01591731217446979,0.08283599543266074,0.04436320893584811,0.005511001889703104,0.08230656989159413,0.04895814292276213,0.005627345548034457,0.0005649081904846032,-0.0027991666666666746
2021-06-30,0.02654357884929115,0.006922714474689284,0.003937009406876912,0.07164848157650994,0.03834360939633785,0.021069696382554293,-0.015872923028037556,0.04645936511350102,0.03865258003969774,0.00491804989718192,-0.007287260512048976,0.026257298995544298,0.02323119528839257,-0.05674170165916492,0.05137001456595969,0.01564694928168464,-0.0540268896129521,0.12539070265885077,0.015903051918217725,0.00054834323189068,0.003175833333333311
2021-07-31,-0.030882710283214876,-0.027261532350591366,-0.1176469751761009,-0.05132736076325972,0.08271788227183619,-0.06349198390318811,-0.06552422577298211,-0.08732863952518899,0.03493303828215244,0.01808218589652011,0.019741042415100774,0.03037614331910099,0.03730240151866404,0.03582684778400669,0.02338999013533516,0.010159102991988522,0.033650280804441435,0.016870003006565604,0.010303357722406536,0.0005731895386635877,0.00810250000000002
2021-08-31,-0.011768705658913081,-0.02293005696239636,-0.053333275706175076,-0.01679109529805589,-0.05729877812094841,-0.06271184267876828,-0.02265386715880735,0.04127567465699089,0.05084864784256071,0.03524285440621289,0.03183331120522359,0.016453942494451645,0.01880481045356186,0.019698249054843187,0.003733247782870208,0.020368062069085147,0.023575928730961593,-0.05472823897222845,0.020513481911401676,0.0006394131962033089,0.005196666666666661
2021-09-30,-0.042634506433971486,-0.02930564718969053,-0.03286385739445885,0.017077851123761034,-0.09985532710586453,-0.003616667807778584,-0.11589392179874414,-0.08828836403803497,-0.02867456667046142,-0.014420064237580577,-0.04313422794552457,0.0025366392602583776,0.010859331540403083,-0.014034261001061199,0.07192535723388693,0.018918494665272734,-0.015431290329399827,0.1159285707755624,0.01883102410830162,0.0008130212763268752,-0.006212499999999994
2021-10-31,-0.03200882718897413,-0.05802956023841843,0.0,-0.09328373327165085,0.03376206328224107,-0.03266791791379575,0.009987456742672318,-0.003952539772862473,0.05208434999507472,0.014360011823261853,0.04992627828148,-0.021248231010777774,-0.005985587898555522,-0.0023464762072750167,0.040105123429308165,-0.017001005904086375,-0.0018421198664247962,0.09500461860294651,-0.0168543603900716,0.0008955754994564025,-0.015182500000000005
2021-11-30,-0.03593040834664962,0.021489992074582354,0.1067963021623155,0.0679013997886262,0.013996882638864117,-0.03752352905332024,-0.0358466382813768,-0.12499988120714722,0.011823814663088905,-0.026235832922416047,-0.016294938984828367,0.03115898764750935,0.028843050223972266,0.012980555320772247,-0.06932197776284399,0.019796001914707873,0.014129872489421658,-0.19223547307325806,0.0200601474595552,0.0009698103146740245,0.0041991666666666635
2021-12-31,0.06518839154636136,0.10313594747070409,0.1631719165209944,-0.007505996215778188,0.18026017489952717,0.1820193900563063,0.09219999135821388,0.16738575930480537,0.04550090993563516,0.04316433553766519,0.05322369464232146,-0.0059506001372214845,0.003312741987283152,0.03225360614514394,0.06597379667525227,-0.00071382131523956,0.03027441762488814,0.13563481773101782,-0.0006863451010045152,0.0010522224777222977,0.010362500000000023
2022-01-31,-0.08930085184557579,-0.06385696808424612,-0.08015261767111814,-0.12948214617687936,-0.025099155387784622,-0.16806721270952152,-0.09692676413790624,-0.08840870341415541,-0.038555054621748464,-0.02191803834793027,-0.033657494196672855,-0.006470817030107101,-0.005920660622590335,-0.002062897184732293,0.095079921777671,0.014976128944428124,-0.0036737527181341934,0.18960441968218844,0.015122338767715737,0.0011510186621450647,-0.013427500000000021
2022-02-28,0.009792763106597047,-0.01909961652058234,0.020746766573370046,0.016018337390180104,-0.09620583114130987,0.038383872414712084,-0.05759152218393704,-0.03017228684594908,-0.03764929551841256,-0.04238374776940412,-0.016746225207699195,-0.011394652568316621,0.00010574137641139458,0.052324796457602574,0.05575314840904477,-0.008595883632971701,0.05001284259429051,0.0767772508188811,-0.008141815962147358,0.0012414877164492744,-0.007823333333333328
2022-03-31,0.012976684039966768,-0.026984972252484196,-0.03824587687589309,0.09009020271818002,0.049475286663648754,0.06614784934660722,0.05833323992454331,-0.04444441270669797,0.04872363104440813,0.01597534195184247,0.045462363288357066,-0.03031525776141042,-0.008226741176692531,0.023591986106856977,0.10346121824250187,0.011194252636426372,0.03652057090347194,0.058879942316458544,0.011144168625274231,0.0012414877164492744,-0.0024583333333333154
2022-04-30,-0.028518105813550076,-0.031609253037415685,-0.046610206820000055,0.10743795476831708,-0.1257143637409499,0.021897699152663153,0.052493477565170865,-0.03488387185639752,-0.04115664761562543,-0.019737731874586273,-0.028924217754095594,0.006654206458756695,0.028151184511470362,0.029336377766462585,0.11038786233599729,0.050982023262327925,0.03087550048361698,0.09732120345440642,0.051802336126944626,0.0013565002539421833,-0.01943
2022-05-31,-0.001971252127319967,0.0,-0.04000013860312024,-0.07462682179493407,-0.058823568175933705,-0.07321426664235409,-0.03117209196785764,0.05301222063589828,-0.02619636951743609,-0.008997059910461624,-0.03288340037950077,-0.02238155079923121,-0.03803042325109551,-0.06007928162912546,0.016431947853062567,-0.028070687689711327,-0.06345859316894831,0.06423290746079657,-0.027559695053796185,0.0014631676547709471,-0.001117500000000019
2022-06-30,-0.12880913286568008,-0.1491315798014935,-0.1547463604644168,-0.12724624287472874,-0.12847219936919574,-0.2389210168376621,-0.23294718989509877,-0.08481301014385623,-0.03379900069321706,-0.03928113271560951,-0.024542171078137498,0.04394206613659457,0.020227335413358638,0.03654456719278265,-0.025942942844341177,0.05385258256880654,0.032804991421962804,-0.02878733418525381,0.0544285775533202,0.0016433975062259965,-0.014504166666666676
2022-07-31,0.04890678791833292,0.07719294365710305,0.07582415441419488,0.023255979407583283,0.07569721307583577,0.058227881398099646,0.05704696538731868,0.14824123068095751,0.08656723007081069,0.046372287924372646,0.08949578352537979,0.024410423353181,0.03782573199939421,-0.030805470156716863,-0.02484906669173459,-0.004695837425819027,-0.02949764356575635,-0.0722248624683609,-0.00316923581632067,0.0019864852944315725,0.020033333333333334
2022-08-31,-0.004786034366189185,-0.027687416590004066,-0.02757933134559798,0.05909089953627844,-0.1074074256638955,-0.04545458818068959,-0.11111112506573939,-0.059080922667449576,-3.904916218677723e-05,-0.0212711838177978,0.01295722415218048,0.0023207370330662336,0.014305722867047121,0.011812836185780107,0.026925379291707685,0.04451623669796012,0.020794229670351827,-0.0533806343245814,0.044949574577486384,0.0022957884655714356,0.0016500000000000104
2022-09-30,-0.12271183852058154,-0.10444124031027524,-0.12386387911129493,-0.17596556203487934,-0.10373432109516856,-0.23558893664493463,-0.2053571466417129,-0.11162795685978477,-0.038685871169577446,-0.03844693789579334,-0.05125195473913202,0.00908178630060097,-0.012075361303783616,0.028643527081208653,-0.015305598297419065,0.06142623795697366,0.025977843315613702,-0.05975790848673557,0.062003062685765054,0.0024743799799444854,-0.025981666666666656
2022-10-31,0.06656364002708126,0.11864417507790948,-0.004813468393608744,0.11458311621528816,0.09259253035457182,0.042622964429369636,0.2359550461907911,0.1465968295728879,0.07483398877919067,0.05260974491617443,0.13215786098212567,-0.02041127936580711,0.008162142470705902,-0.023695449588070128,0.04434756402904583,-0.004381087706611053,-0.024565949830325118,0.08207965584911991,-0.00272309041955765,0.003024188039899789,-0.015252500000000044
2022-11-30,0.07041559887440751,0.04713810095834203,0.027811409666048448,0.023364484039401612,0.13559308565382455,0.11006281062442969,0.029090987559746706,-0.02739721710952503,-0.015897465450905313,0.05503881125952348,0.005098904139695826,-0.034047683176843924,-0.05063691491457767,0.011443473381349767,-0.05399237875388241,-0.06478602736968342,-0.007890720378533778,-0.13215273084340307,-0.06448271176557974,0.0032657003754898994,0.02115583333333338
2022-12-31,-0.07731897215543737,-0.10537390957815074,-0.11419580026078158,-0.12180758002338699,-0.1275468060327425,-0.08454804600419119,-0.11886611803574865,-0.045043167105984105,-0.10392310173232167,-0.06636435103251825,-0.07755526828782056,-0.0632754068995065,-0.061651948845952265,-0.02125911522353152,-0.07490902370690289,-0.0456779539408011,-0.005448885056728137,-0.05254928714938478,-0.04581445910069504,0.003289816470036566,0.021962500000000003
2023-01-31,0.08895660065065192,0.11030741901990981,0.17999989073249822,0.0481479724343965,0.23565213776597127,0.1242038248828472,0.228282851359346,0.029925182905446546,0.0386314445005802,0.06516124265754697,0.013396724683601091,0.012173540200100863,-0.002531419426620496,0.0334575763592333,-0.014099387563603627,-0.020042982428733036,0.03245401308884799,-0.039744176563566325,-0.01917501639855701,0.0031128168457330574,0.009450833333333311
2023-02-28,-0.007774596952534019,-0.013029372221032953,0.010169431823463748,-0.09843504313299478,0.1231527038584792,0.05099153494819331,0.021381573848753055,0.029055686182006824,0.043607905403478364,0.037607438483461264,0.06127441254456367,0.03550910018694564,0.056039368005783574,0.013062338503589954,0.02274399863850385,0.07422498106946906,0.019036478744662855,0.04582038698959323,0.0746374699957928,0.0028870465787962374,0.0008924999999999927
2023-03-31,0.024604193747145953,0.06222140586785785,-0.005515500504799653,-0.03415450541038367,0.29699242606903775,0.17250671943655416,0.12882441739106687,0.016470534043382168,0.019889797746906135,0.014198400735735195,-0.010485183024175226,0.02002000246652491,0.011595254151515633,0.061275555531199455,-0.017401515806452217,-0.012648906539753924,0.05426383107418031,-0.034187395748511706,-0.012892945433878755,0.0029596765762076593,0.002975000000000031
2023-04-30,0.011697713826525735,0.023437652018809763,0.0101580416948992,-0.057971060016445364,-0.007246330287581149,-0.013793096050434994,-0.13124104748838983,0.006944520719079694,0.04958457365632252,0.06341488841162346,0.021033142932169735,0.04149878104747318,0.03361578332563653,0.041990184945076114,0.0252483535914938,0.03683199872828924,0.04887403249548106,0.04823561965282819,0.03722687426924276,0.002870898719076642,0.009323333333333331
2023-05-31,0.04122588114446679,0.09007601948177468,0.21340801903988127,0.03261540427448817,0.2919708451934444,0.018647942585813704,0.0591132674603585,0.02528725075967464,-0.010084739218972016,-0.05411763328384045,-0.04567264856965858,-0.02880669036980288,-0.02641891296170118,-0.027857018814050227,-0.07778724404277515,-0.010936811158693605,-0.0319837428200489,-0.12615782960437683,-0.010424478827905093,0.0029838737241476565,-0.0013841666666666885
2023-06-30,-0.00029424608525696616,0.01625079228978632,0.06356490240194024,-0.11382594165986382,0.13559323553453484,-0.0251715967256112,0.017054288388905547,0.047134078295415716,0.06744588373662852,0.04729680419650095,0.11530130743041389,-0.01009812175071767,-0.0009217735902785629,-0.019783737477762298,0.03203685895732433,0.00710281742463037,-0.015125569440966546,0.040028724521254055,0.006691566820813399,0.003072541703255549,-0.007615000000000007
2023-07-31,0.015312047361667913,-0.033240917358699495,0.07118061994100766,0.027572221511076966,0.6086235541591263,0.06572773319042002,0.15091467055321628,0.0021504164704551076,-0.006825338325215813,-0.012305998262533868,-0.010525482692194221,-0.04457211546916939,-0.03790983550784521,-0.016294827416454605,0.045578776429167744,-0.03459249300297862,-0.017818822069624596,0.1136278433361011,-0.03419688431188994,0.003072541703255549,-0.0004908333333333292
2023-08-31,-0.026246826330190265,-0.0415472338513756,-0.012965833238797964,-0.04496228596503005,0.23298961752553904,-0.13392072114564357,-0.182781471626134,-0.008583633783674993,0.022900387877942352,-0.0011168091330298058,0.01917647395019073,0.03219938422576196,0.031349750581625146,0.026512955440700647,0.03600724075347106,0.044963651446033426,0.03737180085095404,0.06306106453564242,0.04428200153905992,0.003032248764614831,-0.005882499999999964
2023-09-30,-0.020849008025257798,0.027767983156393283,-0.05587143643997483,0.011764646698875225,-0.11872910431185901,0.027466988649334168,0.0372771829696974,0.04112544345769975,-0.029564370194564482,-0.01841286800832087,-0.041831388351049714,-0.013217184216723576,-0.0007680295099913304,-0.029739016955781516,0.03408903927907936,0.022825826415814543,-0.03295800874048016,0.10598131902195784,0.023153712599814247,0.003080598154918013,-0.0012333333333333432
2023-10-31,-0.06436366406133787,-0.021930010051497417,0.013949425130909354,-0.028727850179717795,-0.003795016846960042,-0.02871291120781816,-0.06250003067666843,-0.13305600668166517,-0.021549019060705277,-0.028860563094777025,-0.029630323397261127,-0.019117188981478184,-0.0070710206871303916,0.07389934861091763,-0.0178686016816888,0.0044733360731179506,0.06887387977062298,-0.1074653774118216,0.004492679007635836,0.003128921923478689,-0.012859166666666685
2023-11-30,0.10746911882529186,0.0881913477875711,0.15133274114091333,0.15211288583559246,0.21142855761091517,0.04485222602278793,0.1333332722526761,0.09832119188245958,0.043004944204583895,0.03425435164145019,0.04014261921781226,-0.0007658203308611444,-0.017755274725221537,-0.02010041823508213,-0.06768840932398523,-0.03981824251709687,-0.02330315465680588,-0.10398035602475553,-0.04021818618988604,0.0031369733958956925,0.022659999999999986
2023-12-31,0.06523333321415214,0.08340265436426741,0.05901335908195815,0.08801941841450778,-0.029874227959577726,0.005123081314689637,-0.0014705169040728494,0.03493455451590255,0.03711710621585973,0.04490739050335546,0.06191300502207642,0.02924927581577008,0.015994014163682957,0.004551056966924927,-0.04080955334834335,-0.0039250754620304695,0.008234593548015257,-0.06444248337904812,-0.003982421942239633,0.0031369733958956925,0.026991666666666688
2024-01-31,-0.0620853394943911,-0.07388535337132496,-0.048056501692936515,0.03089891245753784,-0.04862237306217465,-0.05522392499768136,-0.1060383452614101,-0.11392398534504422,0.05470820746590155,0.033489378827598726,0.028155620559090933,0.038927637476815935,0.041650605828672305,0.02340249286777496,0.05183398744507062,0.04260399020595762,0.02644806240860631,0.09902973866481757,0.04255887175677153,0.0030644845397465037,0.005945833333333312
2024-02-29,0.05926703392245414,0.009628539386318913,0.1596140590092059,0.04523152677671938,0.44463376215134365,0.052132834127089245,0.08072490596180293,0.15476184108433233,0.05754859027233605,0.035110589382081114,0.07730165230988106,-0.015836646858638725,-0.005435231581060074,0.009682466338101436,-0.010208108824444673,0.009561565510591175,0.008186931372086148,0.03703085557039043,0.009368985282148579,0.003024188039899789,-0.001005833333333317
2024-03-31,0.05902043517203737,0.12771760599832072,0.17351803664044163,-0.05062432507622627,0.5836672375411875,0.09359347485371705,0.26524401540070586,0.06556702677005499,0.04541921682145711,0.04651707890671175,0.05706776191179275,0.019736969539189575,0.018859822108050706,0.10006530994078555,0.05742907311112466,0.016467086929219166,0.09247401213993456,0.07582674787171362,0.01660251162409976,0.002991938013361173,0.004807500000000008
2024-04-30,-0.022505803098554544,-0.05946602769199849,-0.048087488939740575,-0.07054873594189337,0.009723170973653605,0.11212820322466288,-0.09759034617023676,-0.10392155759692634,-0.02265903186496765,-0.01462608737285509,-0.017495173225389626,-0.013470925950025858,0.0011835483197149,0.04884782164337831,0.03480710079106175,0.022804105742382452,0.057670958082697066,0.0032191341441356602,0.02275041610800166,0.002927403719994892,-0.006025000000000004
2024-05-31,-0.01746258117097732,-0.0516129730413486,0.08610791366578763,0.061445698240713886,0.19777773694896172,-0.08230443389599607,-0.05473971586417836,-0.06126907339428922,0.05132867072156344,0.05135093168136273,0.017100462113656123,0.018727259621172943,0.01849595531234738,0.01691365142325152,-0.002288314715905293,0.005289498029233286,0.009403793298314866,-0.0596254885390779,0.004985095031629694,0.0029516094330215292,0.004972499999999987
2024-06-30,0.07039716130145157,0.11378912912372652,0.25158421687425103,-0.10158910613502492,0.06555354137474123,0.1928249910350659,-0.01694921646311498,0.17715602764224125,0.04380707969519393,-0.010181561598439082,-0.0017337271698436574,0.02050630645204854,0.01591442358166062,0.006878162651244635,0.006503093792509018,0.012261534880859237,0.015484841410440708,0.0678216310835178,0.012514908849716955,0.0029516094330215292,0.012439166666666661
2024-07-31,-0.006984823385509764,0.029447770017958952,-0.1771668870583345,-0.053063790779694586,-0.23853744122587606,-0.21992482650460354,0.0876437135025192,-0.12326037037725679,0.00959158749035205,0.023363960808572726,0.04654090282606216,0.026412397880829053,0.014743688473161543,0.05105102030694808,-0.030398808975337532,0.002009843837948999,0.03456322966848058,-0.04689469544940983,0.0016838010317834495,0.0029031915789923257,0.011080833333333377
2024-08-31,-0.04786893991324426,-0.11442190841439659,-0.1073999886134348,-0.03417546557737028,-0.12728660780594447,-0.12289149226245255,-0.0977543193010233,-0.013605554885465443,-0.014077840027976074,-0.005177897346878346,-0.009462640925649746,-0.023622611173191754,-0.028890557177870813,-0.016431388640979927,-0.056641740888574876,-0.03214028764553645,0.0035521768265607268,-0.09050281373966262,-0.03268787180311972,0.002870898719076642,0.01124249999999996
2024-09-30,-0.043526048262713,-0.16763027884238668,0.00685107505148741,0.06983240682004466,-0.054148469747904215,-0.04780224589835935,-0.09077595293398544,0.0,0.002942027588713758,-0.009996447416536602,0.015334764800600587,-0.0041107715416861534,-0.0029798217288256046,0.03229726520570542,-0.010582432647939677,-0.013543309016561422,0.033530782500783785,-0.08954451140667918,-0.014082755834394334,0.0028870465787962374,0.001899166666666674
2024-10-31,-0.014911432074659836,-0.03739836908185312,0.0670104134540852,-0.03263707772117952,-0.1505078066108111,-0.02769762637568096,-0.10305957185114989,0.1471265526208625,0.04351056322357527,-0.002616069997866899,0.04038983868075352,0.01724020466033771,0.03346011874543442,0.09817415589686096,0.06803532924749112,0.05706278699035172,0.08849919852638766,0.0697414907159759,0.05671795965793813,0.0028143586760120964,-0.00044083333333331696
2024-11-30,-0.04239376967228292,-0.0844593798768174,-0.14170691952853398,-0.07827257783076669,-0.18913041854369395,-0.1560830690741588,-0.1795332349071581,-0.04008023257085236,0.07095560902694942,0.007495613243035715,0.08741347568629787,0.021003522256429985,0.015718764620730186,-0.020890120494477915,-0.009448125220688053,0.01443195463241076,-0.023245860172341315,-0.007701675459212631,0.014296343567576475,0.002806278663769479,0.005758333333333341
2024-12-31,-0.017769670932933135,-0.01175744456338379,0.08755475573979687,-0.03733539987722678,0.10589805916737727,0.1324821537020866,-0.019678864859788536,-0.01252606532061884,0.027836456035238655,0.022105508695469567,-0.031427860791746975,0.02939123798165455,0.03512032198549342,0.03833823218013488,0.07131924765286302,0.05742148145613557,0.04683384166894755,0.11079082197640022,0.056799653586837584,0.002749698516855581,0.01425499999999999
2025-01-31,0.046617988830147006,-0.01503763585206197,0.14548590495506986,0.12623566119074336,0.3721212421802651,0.15483874656327212,0.008948600174556454,0.1141648960086099,0.00885080870502275,0.029632987830021884,0.03160384410882178,-0.011477263662243109,-0.004072333621903734,0.04913173430513629,0.009577476219031267,-0.014096042950197618,0.04626435469805501,-0.006438666936375292,-0.01416982289696267,0.002498706273323714,-0.00019083333333335317
2025-02-28,0.010016517372988698,0.04007635366482165,-0.03900768656140208,-0.02903433613613826,-0.17402829129785968,0.15921782302247944,0.12416847954926835,-0.06831114961112394,-0.007078967950371329,0.03538652270713416,-0.008995988257542886,0.03384414335321462,0.027382492367961753,0.024007706762563474,0.007061162767336482,0.008944038036851287,0.018560658095513105,-0.03272041921725022,0.009136117417014145,0.0024257079041964946,0.0019008333333333347
2025-03-31,0.00251624401296513,0.06685153249570774,0.0026288539765559893,-0.0610532450316279,-0.26477098681694367,0.045783119117148496,-0.045364914685684266,0.08108281138578688,-0.0429864282514989,0.015347529585987951,-0.022625949511767773,0.016949603526135615,0.02037290338424147,0.10922373979771827,0.036517865044559894,0.016798390443059086,0.11107887635741198,0.038472537951460994,0.01695908964186077,0.002336408191857542,0.004108333333333349
2025-04-30,0.01479658953939822,-0.039792408984429484,-0.06921868803830666,0.02160483521509793,0.11583570770971008,-0.07142853209832156,-0.06198348311594459,0.026871375553470633,-0.03447533946355574,0.009958189607828238,-0.024916204207358406,-0.015744771846253558,-0.024804433069823162,0.0268014900367739,-0.10957584742836535,-0.022717114000923355,0.03519310640688467,-0.2068447068022502,-0.02269369216757644,0.002255150623197144,0.009179166666666665
2025-05-31,0.06497713265604266,0.01261260098505912,0.1541935240432939,0.23640486036159158,0.05650461057850342,0.11166251581277664,0.004405356291927509,-0.05420560825613929,0.017729058906124306,0.003424059934175494,0.04220068780009223,-0.0543176761972447,-0.048498777128229476,-0.04298390775208605,-0.028017332097238112,-0.038969970669076925,-0.05116076241756007,-7.166756634924276e-06,-0.03913490049389101,0.0021982271766594064,-0.0003849999999999982
2025-06-30,0.1538460948251248,0.07058362430402476,0.427872815228578,0.2492364907599136,0.2686567222371028,0.13169644405003234,0.16008767257176082,0.13438743418956123,0.046153636287224575,0.018866141425519567,0.030896244783989113,0.010962871958262843,0.004360534317513709,-0.000945505658876522,0.039342013043708324,-0.0016465861650774016,0.0007111016659520075,0.0657339879902632,-0.0015673603290672355,0.0021168462230236607,-0.004341666666666676
2025-07-31,0.0576040968249949,0.19397997403411882,-0.06335619990714925,-0.007335035392130984,-0.09901962802996267,0.027613436400201197,0.23818525309847915,0.02613225907191019,0.044736406073591306,-0.0001472137012191732,0.05229832420608305,0.01515080856481088,0.02130923725083278,0.0149513923249327,0.05118300933662279,0.024857571967707326,0.016739378577046438,0.08630668454222823,0.024752016775742902,0.002067982733513718,0.0024683333333333467
2025-08-31,-0.016505448761592878,-0.0238096134981709,-0.015032781749178548,0.02794120495885677,-0.053318768485865586,0.15355083070944753,0.24122136947987904,0.08702139778886586,0.014575977184090982,0.039159372664958614,-0.005823963201830651,0.010561774129613344,0.010205593284005943,0.043760193506752865,-0.01645220386309132,-0.002137792836749197,0.06146681401159393,-0.08118382505866517,-0.0025349292907501653,0.002067982733513718,0.0036166666666666678
2025-09-30,0.10266211506844103,0.2091008656195701,0.2918217218150141,0.014492697655447362,0.10919540178116627,0.43760399047749243,0.15621158108311795,-0.06279441212360648,0.04678144410349794,0.03165994800098759,0.029775802314611077,0.017358436717906933,0.015039089821940577,0.12962847108313058,0.025340345829540256,0.014115121963637067,0.11343297853523127,-0.015120068964757927,0.013960084374735615,0.0021087041279623797,0.0006458333333333155
2025-10-31,0.22362132815792335,0.2812872180812478,0.6086329993090303,0.18333338408808175,0.48911920052279356,0.025462998603331233,0.3659574077902332,0.0586265688719696,0.04190220618241036,0.029851075663973603,0.023120766548516913,0.02488223833083758,0.02092571170493751,0.05385877343160228,0.033453148255848886,0.021216568766188493,0.0500400478479488,-0.0050353668667249,0.02074471800227462,0.00210056130513947,-0.0018258333333333182
2025-11-30,-0.042909900816988755,-0.06511624533629656,-0.05119923137235205,0.06841049967011203,-0.1398747850359381,-0.1094808926027726,-0.04517132397498225,-0.02056968313204699,0.02825078291835137,0.03385240972053993,0.017182437606706014,0.03639041953184319,0.028477404370278014,0.08133684255079299,0.03432326989783041,0.029200795997400775,0.09260339526197314,-0.014645527027263294,0.02935899698448008,0.002214494647832854,-0.01330583333333335
2025-12-31,0.09424970041314129,0.19883431509429372,0.22830183951745453,-0.03389835407524899,0.030744362833925454,0.15142033545940103,0.11093947257601444,0.20516964614408728,-0.015288942482550638,0.010595394798862401,-0.003517497669280112,-0.023563105548297547,-0.02216459466775178,0.005310549448438895,-0.013831434130011533,-0.012775560421462662,0.0038597846394285984,-0.03506316631386752,-0.01321153509636741,0.002336408191857542,-0.0031933333333333358
2026-01-31,0.2708149171351062,0.3386154627722173,0.3963133600645985,0.3001948822011704,0.656200870649444,0.6206509539842873,0.6848306332842415,0.20375332362724374,0.008280591305878326,0.042371642511822794,0.059742349838437736,-0.008636655935251092,-0.001210401080885437,0.1155878263243788,0.08562349320022511,-0.003427450934074594,0.08610834355604702,0.12844030975632514,-0.0034530401775466624,0.0022226272943570713,-0.003144999999999983
2026-02-28,0.21751501561982511,0.3489096624929562,0.16937046187546434,0.2023989193338398,0.5331753413684213,0.01939058171745156,0.09790209790209792,0.15144772250126737,-0.00617190026329284,0.048665556663964216,0.0733883309152763,0.027252901084314773,0.015195104322173636,0.08990967769328684,0.029985259808657405,0.005168674380416904,0.10871754048348703,0.030317227363606314,0.005432795997163842,0.002287662346924124,-0.003445833333333335
2026-03-31,-0.1985762655053378,-0.22611509999133372,-0.2393967594296632,-0.234033705514201,-0.22170723633976042,-0.24728260869565222,-0.13933121019108285,-0.26025718892305916,0.006244616141623638,-0.02435552307680877,-0.030854537431671325,0.033953770151505136,0.04413259628960886,-0.05846452798525892,0.22087515045156247,0.06156013618942846,-0.06256835017964901,0.6011951877230335,0.06163782214297542,0.002320162474192866,-0.0027900000000000065
2026-04-30,0.3303651223692481,0.3187798834915705,0.5935563242487067,0.41196016228821675,0.4661354581673307,0.516245487364621,0.08325624421831646,0.12433870747477482,0.08409779967702602,0.03345758037144697,0.058984023381293715,-0.020437465362092233,-0.008295471383718445,-0.03407879553971038,0.053894919766201976,-0.016128512710433585,-0.022762278291304283,0.016744781536863096,-0.016078987537226697,0.002320162474192866,0.002656666666666668
2026-05-31,0.3494320476945001,0.4376416934358103,0.81445578347052,0.5905882942776399,-0.23369565217391308,0.4178571428571429,-0.09479077711357808,0.8070588280410032,0.05822371553597039,0.029684774714131335,-0.0030317209580781324,0.00512697286672692,0.007229066309543564,-0.01020092305376119,-0.047048979548212744,0.008508982062649384,-0.0026296156250213976,-0.16413257827134187,0.008275672473372131,0.002320162474192866,-0.01378583333333334
2026-06-30,0.0279271715742766,0.054789755078174185,0.13587654074602762,0.23372782052501506,-0.09042553191489366,0.746431570109152,0.5858490566037735,-0.348958354163747,0.02044523802746201,0.038178845621780866,0.10583173308783467,0.03364784126720899,0.02634929539822828,-0.0894203965509831,-0.06757148226672549,0.0338666144943347,-0.09341919541145371,-0.17973335162214243,0.034210493972786304,0.0023932454057613572,-0.0019041666666666586
2026-07-31,-0.21314264015382656,-0.2140718562874252,-0.3516980851131689,-0.33213433770633094,-0.16374269005847952,-0.375,-0.41939321832242715,-0.04799998194669308,-0.07824672206444716,-0.06348827118897937,-0.10538030803834231,-0.09136375551698894,-0.08487650444351558,-0.0706634400931988,0.01786141828145582,-0.07546159093700888,-0.06293848735234575,0.12255655673968335,-0.07578694491130156,0.0023932454057613572,-0.0017658333333333102
2026-08-31,-0.011073332108068379,-0.00952380952380949,-0.025399932072005416,-0.01888268289680739,0.027972027972027913,0.09615384615384626,0.14241803278688514,-0.04444741774293637,-0.004634889755467664,-0.013444398507418964,-0.056001945592811464,-0.029483615737220137,-0.030849649741498064,0.06560991559022211,0.03028135640257612,-0.02793070575052692,0.05778041662165623,-0.018134371457117826,-0.027649398642179523,0.002441934817957403,0.003571666666666666
2026-09-30,0.06360637457603491,0.08173076923076916,0.15531660692951021,0.08256880733944949,0.10657596371882083,0.05052631578947375,0.15695067264573992,-0.16758544652701213,-0.01336268261533513,-0.03175639128590091,-0.03932814485313019,-0.026127393642833563,-0.02326245748343081,-0.026474589144722338,0.042733321271475555,-0.007037081541878876,-0.027657186700453584,0.06935921797001421,-0.0056505802020472284,0.002441934817957403,0.003571666666666666
